origin_date,target,target_end_date,horizon,location,output_type,output_type_id,value
2025-02-17,INDPRO,2025-02-28,0,US,quantile,0.05,-0.03
2025-02-17,INDPRO,2025-02-28,0,US,quantile,0.1,-0.02
2025-02-17,INDPRO,2025-02-28,0,US,quantile,0.5,-0.0
2025-02-17,INDPRO,2025-02-28,0,US,quantile,0.9,0.01
2025-02-17,INDPRO,2025-02-28,0,US,quantile,0.95,0.02
2025-02-17,INDPRO,2025-02-28,0,US,mean,,-0.0
2025-02-17,INDPRO,2025-03-31,1,US,quantile,0.05,-0.03
2025-02-17,INDPRO,2025-03-31,1,US,quantile,0.1,-0.02
2025-02-17,INDPRO,2025-03-31,1,US,quantile,0.5,-0.0
2025-02-17,INDPRO,2025-03-31,1,US,quantile,0.9,0.01
2025-02-17,INDPRO,2025-03-31,1,US,quantile,0.95,0.02
2025-02-17,INDPRO,2025-03-31,1,US,mean,,-0.0
2025-02-17,INDPRO,2025-04-30,2,US,quantile,0.05,-0.04
2025-02-17,INDPRO,2025-04-30,2,US,quantile,0.1,-0.02
2025-02-17,INDPRO,2025-04-30,2,US,quantile,0.5,-0.0
2025-02-17,INDPRO,2025-04-30,2,US,quantile,0.9,0.02
2025-02-17,INDPRO,2025-04-30,2,US,quantile,0.95,0.03
2025-02-17,INDPRO,2025-04-30,2,US,mean,,-0.0
2025-02-17,INDPRO,2025-05-31,3,US,quantile,0.05,-0.04
2025-02-17,INDPRO,2025-05-31,3,US,quantile,0.1,-0.02
2025-02-17,INDPRO,2025-05-31,3,US,quantile,0.5,-0.0
2025-02-17,INDPRO,2025-05-31,3,US,quantile,0.9,0.02
2025-02-17,INDPRO,2025-05-31,3,US,quantile,0.95,0.03
2025-02-17,INDPRO,2025-05-31,3,US,mean,,-0.0
2025-02-17,INDPRO,2025-06-30,4,US,quantile,0.05,-0.04
2025-02-17,INDPRO,2025-06-30,4,US,quantile,0.1,-0.02
2025-02-17,INDPRO,2025-06-30,4,US,quantile,0.5,-0.0
2025-02-17,INDPRO,2025-06-30,4,US,quantile,0.9,0.02
2025-02-17,INDPRO,2025-06-30,4,US,quantile,0.95,0.03
2025-02-17,INDPRO,2025-06-30,4,US,mean,,-0.0
2025-02-17,INDPRO,2025-07-31,5,US,quantile,0.05,-0.04
2025-02-17,INDPRO,2025-07-31,5,US,quantile,0.1,-0.02
2025-02-17,INDPRO,2025-07-31,5,US,quantile,0.5,-0.0
2025-02-17,INDPRO,2025-07-31,5,US,quantile,0.9,0.02
2025-02-17,INDPRO,2025-07-31,5,US,quantile,0.95,0.04
2025-02-17,INDPRO,2025-07-31,5,US,mean,,-0.0
2025-02-17,INDPRO,2025-08-31,6,US,quantile,0.05,-0.04
2025-02-17,INDPRO,2025-08-31,6,US,quantile,0.1,-0.03
2025-02-17,INDPRO,2025-08-31,6,US,quantile,0.5,-0.0
2025-02-17,INDPRO,2025-08-31,6,US,quantile,0.9,0.02
2025-02-17,INDPRO,2025-08-31,6,US,quantile,0.95,0.04
2025-02-17,INDPRO,2025-08-31,6,US,mean,,-0.0
2025-02-17,INDPRO,2025-09-30,7,US,quantile,0.05,-0.04
2025-02-17,INDPRO,2025-09-30,7,US,quantile,0.1,-0.03
2025-02-17,INDPRO,2025-09-30,7,US,quantile,0.5,-0.0
2025-02-17,INDPRO,2025-09-30,7,US,quantile,0.9,0.02
2025-02-17,INDPRO,2025-09-30,7,US,quantile,0.95,0.04
2025-02-17,INDPRO,2025-09-30,7,US,mean,,-0.0
2025-02-17,INDPRO,2025-10-31,8,US,quantile,0.05,-0.04
2025-02-17,INDPRO,2025-10-31,8,US,quantile,0.1,-0.02
2025-02-17,INDPRO,2025-10-31,8,US,quantile,0.5,-0.0
2025-02-17,INDPRO,2025-10-31,8,US,quantile,0.9,0.02
2025-02-17,INDPRO,2025-10-31,8,US,quantile,0.95,0.04
2025-02-17,INDPRO,2025-10-31,8,US,mean,,-0.0
2025-02-17,INDPRO,2025-11-30,9,US,quantile,0.05,-0.04
2025-02-17,INDPRO,2025-11-30,9,US,quantile,0.1,-0.03
2025-02-17,INDPRO,2025-11-30,9,US,quantile,0.5,-0.0
2025-02-17,INDPRO,2025-11-30,9,US,quantile,0.9,0.02
2025-02-17,INDPRO,2025-11-30,9,US,quantile,0.95,0.04
2025-02-17,INDPRO,2025-11-30,9,US,mean,,-0.0
2025-02-17,INDPRO,2025-12-31,10,US,quantile,0.05,-0.04
2025-02-17,INDPRO,2025-12-31,10,US,quantile,0.1,-0.03
2025-02-17,INDPRO,2025-12-31,10,US,quantile,0.5,-0.0
2025-02-17,INDPRO,2025-12-31,10,US,quantile,0.9,0.02
2025-02-17,INDPRO,2025-12-31,10,US,quantile,0.95,0.03
2025-02-17,INDPRO,2025-12-31,10,US,mean,,-0.0
2025-02-17,INDPRO,2026-01-31,11,US,quantile,0.05,-0.04
2025-02-17,INDPRO,2026-01-31,11,US,quantile,0.1,-0.03
2025-02-17,INDPRO,2026-01-31,11,US,quantile,0.5,-0.0
2025-02-17,INDPRO,2026-01-31,11,US,quantile,0.9,0.02
2025-02-17,INDPRO,2026-01-31,11,US,quantile,0.95,0.03
2025-02-17,INDPRO,2026-01-31,11,US,mean,,-0.0
2025-02-17,INDPRO,2026-02-28,12,US,quantile,0.05,-0.04
2025-02-17,INDPRO,2026-02-28,12,US,quantile,0.1,-0.03
2025-02-17,INDPRO,2026-02-28,12,US,quantile,0.5,-0.0
2025-02-17,INDPRO,2026-02-28,12,US,quantile,0.9,0.02
2025-02-17,INDPRO,2026-02-28,12,US,quantile,0.95,0.04
2025-02-17,INDPRO,2026-02-28,12,US,mean,,-0.0
2025-02-17,INDPRO,2026-03-31,13,US,quantile,0.05,-0.04
2025-02-17,INDPRO,2026-03-31,13,US,quantile,0.1,-0.03
2025-02-17,INDPRO,2026-03-31,13,US,quantile,0.5,-0.0
2025-02-17,INDPRO,2026-03-31,13,US,quantile,0.9,0.02
2025-02-17,INDPRO,2026-03-31,13,US,quantile,0.95,0.04
2025-02-17,INDPRO,2026-03-31,13,US,mean,,-0.0
2025-02-17,INDPRO,2026-04-30,14,US,quantile,0.05,-0.04
2025-02-17,INDPRO,2026-04-30,14,US,quantile,0.1,-0.03
2025-02-17,INDPRO,2026-04-30,14,US,quantile,0.5,-0.0
2025-02-17,INDPRO,2026-04-30,14,US,quantile,0.9,0.02
2025-02-17,INDPRO,2026-04-30,14,US,quantile,0.95,0.04
2025-02-17,INDPRO,2026-04-30,14,US,mean,,-0.0
2025-02-17,INDPRO,2026-05-31,15,US,quantile,0.05,-0.04
2025-02-17,INDPRO,2026-05-31,15,US,quantile,0.1,-0.03
2025-02-17,INDPRO,2026-05-31,15,US,quantile,0.5,-0.0
2025-02-17,INDPRO,2026-05-31,15,US,quantile,0.9,0.02
2025-02-17,INDPRO,2026-05-31,15,US,quantile,0.95,0.04
2025-02-17,INDPRO,2026-05-31,15,US,mean,,-0.0
2025-02-17,INDPRO,2026-06-30,16,US,quantile,0.05,-0.04
2025-02-17,INDPRO,2026-06-30,16,US,quantile,0.1,-0.03
2025-02-17,INDPRO,2026-06-30,16,US,quantile,0.5,-0.0
2025-02-17,INDPRO,2026-06-30,16,US,quantile,0.9,0.02
2025-02-17,INDPRO,2026-06-30,16,US,quantile,0.95,0.04
2025-02-17,INDPRO,2026-06-30,16,US,mean,,-0.0
2025-02-17,INDPRO,2026-07-31,17,US,quantile,0.05,-0.04
2025-02-17,INDPRO,2026-07-31,17,US,quantile,0.1,-0.03
2025-02-17,INDPRO,2026-07-31,17,US,quantile,0.5,-0.0
2025-02-17,INDPRO,2026-07-31,17,US,quantile,0.9,0.02
2025-02-17,INDPRO,2026-07-31,17,US,quantile,0.95,0.04
2025-02-17,INDPRO,2026-07-31,17,US,mean,,-0.0
2025-02-17,INDPRO,2026-08-31,18,US,quantile,0.05,-0.04
2025-02-17,INDPRO,2026-08-31,18,US,quantile,0.1,-0.03
2025-02-17,INDPRO,2026-08-31,18,US,quantile,0.5,-0.0
2025-02-17,INDPRO,2026-08-31,18,US,quantile,0.9,0.02
2025-02-17,INDPRO,2026-08-31,18,US,quantile,0.95,0.04
2025-02-17,INDPRO,2026-08-31,18,US,mean,,-0.0
2025-02-17,INDPRO,2026-09-30,19,US,quantile,0.05,-0.04
2025-02-17,INDPRO,2026-09-30,19,US,quantile,0.1,-0.03
2025-02-17,INDPRO,2026-09-30,19,US,quantile,0.5,-0.0
2025-02-17,INDPRO,2026-09-30,19,US,quantile,0.9,0.02
2025-02-17,INDPRO,2026-09-30,19,US,quantile,0.95,0.04
2025-02-17,INDPRO,2026-09-30,19,US,mean,,-0.0
2025-02-17,INDPRO,2026-10-31,20,US,quantile,0.05,-0.04
2025-02-17,INDPRO,2026-10-31,20,US,quantile,0.1,-0.03
2025-02-17,INDPRO,2026-10-31,20,US,quantile,0.5,-0.0
2025-02-17,INDPRO,2026-10-31,20,US,quantile,0.9,0.02
2025-02-17,INDPRO,2026-10-31,20,US,quantile,0.95,0.04
2025-02-17,INDPRO,2026-10-31,20,US,mean,,-0.0
2025-02-17,INDPRO,2026-11-30,21,US,quantile,0.05,-0.04
2025-02-17,INDPRO,2026-11-30,21,US,quantile,0.1,-0.03
2025-02-17,INDPRO,2026-11-30,21,US,quantile,0.5,-0.0
2025-02-17,INDPRO,2026-11-30,21,US,quantile,0.9,0.02
2025-02-17,INDPRO,2026-11-30,21,US,quantile,0.95,0.04
2025-02-17,INDPRO,2026-11-30,21,US,mean,,-0.0
2025-02-17,INDPRO,2026-12-31,22,US,quantile,0.05,-0.04
2025-02-17,INDPRO,2026-12-31,22,US,quantile,0.1,-0.03
2025-02-17,INDPRO,2026-12-31,22,US,quantile,0.5,-0.0
2025-02-17,INDPRO,2026-12-31,22,US,quantile,0.9,0.02
2025-02-17,INDPRO,2026-12-31,22,US,quantile,0.95,0.04
2025-02-17,INDPRO,2026-12-31,22,US,mean,,-0.0
2025-02-17,INDPRO,2027-01-31,23,US,quantile,0.05,-0.04
2025-02-17,INDPRO,2027-01-31,23,US,quantile,0.1,-0.03
2025-02-17,INDPRO,2027-01-31,23,US,quantile,0.5,-0.0
2025-02-17,INDPRO,2027-01-31,23,US,quantile,0.9,0.02
2025-02-17,INDPRO,2027-01-31,23,US,quantile,0.95,0.04
2025-02-17,INDPRO,2027-01-31,23,US,mean,,-0.0
2025-02-17,UNRATE,2025-02-28,0,US,quantile,0.05,-0.5
2025-02-17,UNRATE,2025-02-28,0,US,quantile,0.1,-0.4
2025-02-17,UNRATE,2025-02-28,0,US,quantile,0.5,-0.1
2025-02-17,UNRATE,2025-02-28,0,US,quantile,0.9,0.2
2025-02-17,UNRATE,2025-02-28,0,US,quantile,0.95,0.3
2025-02-17,UNRATE,2025-02-28,0,US,mean,,-0.1
2025-02-17,UNRATE,2025-03-31,1,US,quantile,0.05,-0.5
2025-02-17,UNRATE,2025-03-31,1,US,quantile,0.1,-0.4
2025-02-17,UNRATE,2025-03-31,1,US,quantile,0.5,-0.1
2025-02-17,UNRATE,2025-03-31,1,US,quantile,0.9,0.2
2025-02-17,UNRATE,2025-03-31,1,US,quantile,0.95,0.3
2025-02-17,UNRATE,2025-03-31,1,US,mean,,-0.1
2025-02-17,UNRATE,2025-04-30,2,US,quantile,0.05,-0.5
2025-02-17,UNRATE,2025-04-30,2,US,quantile,0.1,-0.4
2025-02-17,UNRATE,2025-04-30,2,US,quantile,0.5,-0.1
2025-02-17,UNRATE,2025-04-30,2,US,quantile,0.9,0.2
2025-02-17,UNRATE,2025-04-30,2,US,quantile,0.95,0.3
2025-02-17,UNRATE,2025-04-30,2,US,mean,,-0.1
2025-02-17,UNRATE,2025-05-31,3,US,quantile,0.05,-0.5
2025-02-17,UNRATE,2025-05-31,3,US,quantile,0.1,-0.4
2025-02-17,UNRATE,2025-05-31,3,US,quantile,0.5,-0.1
2025-02-17,UNRATE,2025-05-31,3,US,quantile,0.9,0.2
2025-02-17,UNRATE,2025-05-31,3,US,quantile,0.95,0.3
2025-02-17,UNRATE,2025-05-31,3,US,mean,,-0.1
2025-02-17,UNRATE,2025-06-30,4,US,quantile,0.05,-0.5
2025-02-17,UNRATE,2025-06-30,4,US,quantile,0.1,-0.4
2025-02-17,UNRATE,2025-06-30,4,US,quantile,0.5,-0.1
2025-02-17,UNRATE,2025-06-30,4,US,quantile,0.9,0.2
2025-02-17,UNRATE,2025-06-30,4,US,quantile,0.95,0.3
2025-02-17,UNRATE,2025-06-30,4,US,mean,,-0.1
2025-02-17,UNRATE,2025-07-31,5,US,quantile,0.05,-0.5
2025-02-17,UNRATE,2025-07-31,5,US,quantile,0.1,-0.4
2025-02-17,UNRATE,2025-07-31,5,US,quantile,0.5,-0.1
2025-02-17,UNRATE,2025-07-31,5,US,quantile,0.9,0.2
2025-02-17,UNRATE,2025-07-31,5,US,quantile,0.95,0.3
2025-02-17,UNRATE,2025-07-31,5,US,mean,,-0.1
2025-02-17,UNRATE,2025-08-31,6,US,quantile,0.05,-0.5
2025-02-17,UNRATE,2025-08-31,6,US,quantile,0.1,-0.4
2025-02-17,UNRATE,2025-08-31,6,US,quantile,0.5,-0.1
2025-02-17,UNRATE,2025-08-31,6,US,quantile,0.9,0.2
2025-02-17,UNRATE,2025-08-31,6,US,quantile,0.95,0.3
2025-02-17,UNRATE,2025-08-31,6,US,mean,,-0.1
2025-02-17,UNRATE,2025-09-30,7,US,quantile,0.05,-0.6
2025-02-17,UNRATE,2025-09-30,7,US,quantile,0.1,-0.4
2025-02-17,UNRATE,2025-09-30,7,US,quantile,0.5,-0.1
2025-02-17,UNRATE,2025-09-30,7,US,quantile,0.9,0.2
2025-02-17,UNRATE,2025-09-30,7,US,quantile,0.95,0.3
2025-02-17,UNRATE,2025-09-30,7,US,mean,,-0.1
2025-02-17,UNRATE,2025-10-31,8,US,quantile,0.05,-0.6
2025-02-17,UNRATE,2025-10-31,8,US,quantile,0.1,-0.4
2025-02-17,UNRATE,2025-10-31,8,US,quantile,0.5,-0.1
2025-02-17,UNRATE,2025-10-31,8,US,quantile,0.9,0.2
2025-02-17,UNRATE,2025-10-31,8,US,quantile,0.95,0.3
2025-02-17,UNRATE,2025-10-31,8,US,mean,,-0.1
2025-02-17,UNRATE,2025-11-30,9,US,quantile,0.05,-0.5
2025-02-17,UNRATE,2025-11-30,9,US,quantile,0.1,-0.4
2025-02-17,UNRATE,2025-11-30,9,US,quantile,0.5,-0.1
2025-02-17,UNRATE,2025-11-30,9,US,quantile,0.9,0.2
2025-02-17,UNRATE,2025-11-30,9,US,quantile,0.95,0.33
2025-02-17,UNRATE,2025-11-30,9,US,mean,,-0.1
2025-02-17,UNRATE,2025-12-31,10,US,quantile,0.05,-0.6
2025-02-17,UNRATE,2025-12-31,10,US,quantile,0.1,-0.4
2025-02-17,UNRATE,2025-12-31,10,US,quantile,0.5,-0.1
2025-02-17,UNRATE,2025-12-31,10,US,quantile,0.9,0.2
2025-02-17,UNRATE,2025-12-31,10,US,quantile,0.95,0.4
2025-02-17,UNRATE,2025-12-31,10,US,mean,,-0.1
2025-02-17,UNRATE,2026-01-31,11,US,quantile,0.05,-0.6
2025-02-17,UNRATE,2026-01-31,11,US,quantile,0.1,-0.4
2025-02-17,UNRATE,2026-01-31,11,US,quantile,0.5,-0.1
2025-02-17,UNRATE,2026-01-31,11,US,quantile,0.9,0.2
2025-02-17,UNRATE,2026-01-31,11,US,quantile,0.95,0.4
2025-02-17,UNRATE,2026-01-31,11,US,mean,,-0.1
2025-02-17,UNRATE,2026-02-28,12,US,quantile,0.05,-0.6
2025-02-17,UNRATE,2026-02-28,12,US,quantile,0.1,-0.49
2025-02-17,UNRATE,2026-02-28,12,US,quantile,0.5,-0.1
2025-02-17,UNRATE,2026-02-28,12,US,quantile,0.9,0.3
2025-02-17,UNRATE,2026-02-28,12,US,quantile,0.95,0.4
2025-02-17,UNRATE,2026-02-28,12,US,mean,,-0.1
2025-02-17,UNRATE,2026-03-31,13,US,quantile,0.05,-0.6
2025-02-17,UNRATE,2026-03-31,13,US,quantile,0.1,-0.4
2025-02-17,UNRATE,2026-03-31,13,US,quantile,0.5,-0.1
2025-02-17,UNRATE,2026-03-31,13,US,quantile,0.9,0.2
2025-02-17,UNRATE,2026-03-31,13,US,quantile,0.95,0.4
2025-02-17,UNRATE,2026-03-31,13,US,mean,,-0.1
2025-02-17,UNRATE,2026-04-30,14,US,quantile,0.05,-0.6
2025-02-17,UNRATE,2026-04-30,14,US,quantile,0.1,-0.4
2025-02-17,UNRATE,2026-04-30,14,US,quantile,0.5,-0.1
2025-02-17,UNRATE,2026-04-30,14,US,quantile,0.9,0.3
2025-02-17,UNRATE,2026-04-30,14,US,quantile,0.95,0.4
2025-02-17,UNRATE,2026-04-30,14,US,mean,,-0.1
2025-02-17,UNRATE,2026-05-31,15,US,quantile,0.05,-0.6
2025-02-17,UNRATE,2026-05-31,15,US,quantile,0.1,-0.4
2025-02-17,UNRATE,2026-05-31,15,US,quantile,0.5,-0.1
2025-02-17,UNRATE,2026-05-31,15,US,quantile,0.9,0.3
2025-02-17,UNRATE,2026-05-31,15,US,quantile,0.95,0.4
2025-02-17,UNRATE,2026-05-31,15,US,mean,,-0.1
2025-02-17,UNRATE,2026-06-30,16,US,quantile,0.05,-0.6
2025-02-17,UNRATE,2026-06-30,16,US,quantile,0.1,-0.5
2025-02-17,UNRATE,2026-06-30,16,US,quantile,0.5,-0.1
2025-02-17,UNRATE,2026-06-30,16,US,quantile,0.9,0.2
2025-02-17,UNRATE,2026-06-30,16,US,quantile,0.95,0.4
2025-02-17,UNRATE,2026-06-30,16,US,mean,,-0.1
2025-02-17,UNRATE,2026-07-31,17,US,quantile,0.05,-0.6
2025-02-17,UNRATE,2026-07-31,17,US,quantile,0.1,-0.5
2025-02-17,UNRATE,2026-07-31,17,US,quantile,0.5,-0.1
2025-02-17,UNRATE,2026-07-31,17,US,quantile,0.9,0.3
2025-02-17,UNRATE,2026-07-31,17,US,quantile,0.95,0.4
2025-02-17,UNRATE,2026-07-31,17,US,mean,,-0.1
2025-02-17,UNRATE,2026-08-31,18,US,quantile,0.05,-0.6
2025-02-17,UNRATE,2026-08-31,18,US,quantile,0.1,-0.5
2025-02-17,UNRATE,2026-08-31,18,US,quantile,0.5,-0.1
2025-02-17,UNRATE,2026-08-31,18,US,quantile,0.9,0.2
2025-02-17,UNRATE,2026-08-31,18,US,quantile,0.95,0.4
2025-02-17,UNRATE,2026-08-31,18,US,mean,,-0.1
2025-02-17,UNRATE,2026-09-30,19,US,quantile,0.05,-0.6
2025-02-17,UNRATE,2026-09-30,19,US,quantile,0.1,-0.4
2025-02-17,UNRATE,2026-09-30,19,US,quantile,0.5,-0.1
2025-02-17,UNRATE,2026-09-30,19,US,quantile,0.9,0.2
2025-02-17,UNRATE,2026-09-30,19,US,quantile,0.95,0.4
2025-02-17,UNRATE,2026-09-30,19,US,mean,,-0.1
2025-02-17,UNRATE,2026-10-31,20,US,quantile,0.05,-0.6
2025-02-17,UNRATE,2026-10-31,20,US,quantile,0.1,-0.4
2025-02-17,UNRATE,2026-10-31,20,US,quantile,0.5,-0.1
2025-02-17,UNRATE,2026-10-31,20,US,quantile,0.9,0.2
2025-02-17,UNRATE,2026-10-31,20,US,quantile,0.95,0.3
2025-02-17,UNRATE,2026-10-31,20,US,mean,,-0.1
2025-02-17,UNRATE,2026-11-30,21,US,quantile,0.05,-0.6
2025-02-17,UNRATE,2026-11-30,21,US,quantile,0.1,-0.48
2025-02-17,UNRATE,2026-11-30,21,US,quantile,0.5,-0.1
2025-02-17,UNRATE,2026-11-30,21,US,quantile,0.9,0.2
2025-02-17,UNRATE,2026-11-30,21,US,quantile,0.95,0.4
2025-02-17,UNRATE,2026-11-30,21,US,mean,,-0.1
2025-02-17,UNRATE,2026-12-31,22,US,quantile,0.05,-0.6
2025-02-17,UNRATE,2026-12-31,22,US,quantile,0.1,-0.4
2025-02-17,UNRATE,2026-12-31,22,US,quantile,0.5,-0.1
2025-02-17,UNRATE,2026-12-31,22,US,quantile,0.9,0.2
2025-02-17,UNRATE,2026-12-31,22,US,quantile,0.95,0.4
2025-02-17,UNRATE,2026-12-31,22,US,mean,,-0.1
2025-02-17,UNRATE,2027-01-31,23,US,quantile,0.05,-0.6
2025-02-17,UNRATE,2027-01-31,23,US,quantile,0.1,-0.4
2025-02-17,UNRATE,2027-01-31,23,US,quantile,0.5,-0.1
2025-02-17,UNRATE,2027-01-31,23,US,quantile,0.9,0.2
2025-02-17,UNRATE,2027-01-31,23,US,quantile,0.95,0.4
2025-02-17,UNRATE,2027-01-31,23,US,mean,,-0.1
2025-02-17,PAYEMS,2025-02-28,0,US,quantile,0.05,158013.75
2025-02-17,PAYEMS,2025-02-28,0,US,quantile,0.1,158136.3
2025-02-17,PAYEMS,2025-02-28,0,US,quantile,0.5,158428.5
2025-02-17,PAYEMS,2025-02-28,0,US,quantile,0.9,158630.9
2025-02-17,PAYEMS,2025-02-28,0,US,quantile,0.95,158706.25
2025-02-17,PAYEMS,2025-02-28,0,US,mean,,158268.0
2025-02-17,PAYEMS,2025-03-31,1,US,quantile,0.05,158013.75
2025-02-17,PAYEMS,2025-03-31,1,US,quantile,0.1,158136.3
2025-02-17,PAYEMS,2025-03-31,1,US,quantile,0.5,158428.5
2025-02-17,PAYEMS,2025-03-31,1,US,quantile,0.9,158630.9
2025-02-17,PAYEMS,2025-03-31,1,US,quantile,0.95,158706.25
2025-02-17,PAYEMS,2025-03-31,1,US,mean,,158268.0
2025-02-17,PAYEMS,2025-04-30,2,US,quantile,0.05,157811.0
2025-02-17,PAYEMS,2025-04-30,2,US,quantile,0.1,158007.0
2025-02-17,PAYEMS,2025-04-30,2,US,quantile,0.5,158599.0
2025-02-17,PAYEMS,2025-04-30,2,US,quantile,0.9,158937.0
2025-02-17,PAYEMS,2025-04-30,2,US,quantile,0.95,159073.5
2025-02-17,PAYEMS,2025-04-30,2,US,mean,,158268.0
2025-02-17,PAYEMS,2025-05-31,3,US,quantile,0.05,157671.15
2025-02-17,PAYEMS,2025-05-31,3,US,quantile,0.1,157883.0
2025-02-17,PAYEMS,2025-05-31,3,US,quantile,0.5,158766.5
2025-02-17,PAYEMS,2025-05-31,3,US,quantile,0.9,159242.0
2025-02-17,PAYEMS,2025-05-31,3,US,quantile,0.95,159445.3
2025-02-17,PAYEMS,2025-05-31,3,US,mean,,158268.0
2025-02-17,PAYEMS,2025-06-30,4,US,quantile,0.05,157475.6
2025-02-17,PAYEMS,2025-06-30,4,US,quantile,0.1,157802.2
2025-02-17,PAYEMS,2025-06-30,4,US,quantile,0.5,158936.0
2025-02-17,PAYEMS,2025-06-30,4,US,quantile,0.9,159532.0
2025-02-17,PAYEMS,2025-06-30,4,US,quantile,0.95,159815.2
2025-02-17,PAYEMS,2025-06-30,4,US,mean,,158268.0
2025-02-17,PAYEMS,2025-07-31,5,US,quantile,0.05,157264.75
2025-02-17,PAYEMS,2025-07-31,5,US,quantile,0.1,157681.1
2025-02-17,PAYEMS,2025-07-31,5,US,quantile,0.5,159110.0
2025-02-17,PAYEMS,2025-07-31,5,US,quantile,0.9,159834.3
2025-02-17,PAYEMS,2025-07-31,5,US,quantile,0.95,160176.3
2025-02-17,PAYEMS,2025-07-31,5,US,mean,,158268.0
2025-02-17,PAYEMS,2025-08-31,6,US,quantile,0.05,157132.8
2025-02-17,PAYEMS,2025-08-31,6,US,quantile,0.1,157583.0
2025-02-17,PAYEMS,2025-08-31,6,US,quantile,0.5,159274.0
2025-02-17,PAYEMS,2025-08-31,6,US,quantile,0.9,160130.0
2025-02-17,PAYEMS,2025-08-31,6,US,quantile,0.95,160529.6
2025-02-17,PAYEMS,2025-08-31,6,US,mean,,158268.0
2025-02-17,PAYEMS,2025-09-30,7,US,quantile,0.05,156942.75
2025-02-17,PAYEMS,2025-09-30,7,US,quantile,0.1,157478.5
2025-02-17,PAYEMS,2025-09-30,7,US,quantile,0.5,159441.5
2025-02-17,PAYEMS,2025-09-30,7,US,quantile,0.9,160411.5
2025-02-17,PAYEMS,2025-09-30,7,US,quantile,0.95,160890.75
2025-02-17,PAYEMS,2025-09-30,7,US,mean,,158268.0
2025-02-17,PAYEMS,2025-10-31,8,US,quantile,0.05,156773.8
2025-02-17,PAYEMS,2025-10-31,8,US,quantile,0.1,157451.6
2025-02-17,PAYEMS,2025-10-31,8,US,quantile,0.5,159589.0
2025-02-17,PAYEMS,2025-10-31,8,US,quantile,0.9,160726.0
2025-02-17,PAYEMS,2025-10-31,8,US,quantile,0.95,161199.8
2025-02-17,PAYEMS,2025-10-31,8,US,mean,,158268.0
2025-02-17,PAYEMS,2025-11-30,9,US,quantile,0.05,156625.35
2025-02-17,PAYEMS,2025-11-30,9,US,quantile,0.1,157356.6
2025-02-17,PAYEMS,2025-11-30,9,US,quantile,0.5,159740.0
2025-02-17,PAYEMS,2025-11-30,9,US,quantile,0.9,161006.8
2025-02-17,PAYEMS,2025-11-30,9,US,quantile,0.95,161479.0
2025-02-17,PAYEMS,2025-11-30,9,US,mean,,158268.0
2025-02-17,PAYEMS,2025-12-31,10,US,quantile,0.05,156490.6
2025-02-17,PAYEMS,2025-12-31,10,US,quantile,0.1,157295.2
2025-02-17,PAYEMS,2025-12-31,10,US,quantile,0.5,159910.0
2025-02-17,PAYEMS,2025-12-31,10,US,quantile,0.9,161250.8
2025-02-17,PAYEMS,2025-12-31,10,US,quantile,0.95,161784.5
2025-02-17,PAYEMS,2025-12-31,10,US,mean,,158268.0
2025-02-17,PAYEMS,2026-01-31,11,US,quantile,0.05,156421.75
2025-02-17,PAYEMS,2026-01-31,11,US,quantile,0.1,157218.8
2025-02-17,PAYEMS,2026-01-31,11,US,quantile,0.5,160087.0
2025-02-17,PAYEMS,2026-01-31,11,US,quantile,0.9,161467.3
2025-02-17,PAYEMS,2026-01-31,11,US,quantile,0.95,162087.2
2025-02-17,PAYEMS,2026-01-31,11,US,mean,,158268.0
2025-02-17,PAYEMS,2026-02-28,12,US,quantile,0.05,156346.0
2025-02-17,PAYEMS,2026-02-28,12,US,quantile,0.1,157126.0
2025-02-17,PAYEMS,2026-02-28,12,US,quantile,0.5,160260.0
2025-02-17,PAYEMS,2026-02-28,12,US,quantile,0.9,161727.0
2025-02-17,PAYEMS,2026-02-28,12,US,quantile,0.95,162424.0
2025-02-17,PAYEMS,2026-02-28,12,US,mean,,158268.0
2025-02-17,PAYEMS,2026-03-31,13,US,quantile,0.05,156297.3
2025-02-17,PAYEMS,2026-03-31,13,US,quantile,0.1,157091.6
2025-02-17,PAYEMS,2026-03-31,13,US,quantile,0.5,160417.5
2025-02-17,PAYEMS,2026-03-31,13,US,quantile,0.9,161984.0
2025-02-17,PAYEMS,2026-03-31,13,US,quantile,0.95,162704.3
2025-02-17,PAYEMS,2026-03-31,13,US,mean,,158268.0
2025-02-17,PAYEMS,2026-04-30,14,US,quantile,0.05,156279.9
2025-02-17,PAYEMS,2026-04-30,14,US,quantile,0.1,157064.4
2025-02-17,PAYEMS,2026-04-30,14,US,quantile,0.5,160595.0
2025-02-17,PAYEMS,2026-04-30,14,US,quantile,0.9,162241.8
2025-02-17,PAYEMS,2026-04-30,14,US,quantile,0.95,162946.1
2025-02-17,PAYEMS,2026-04-30,14,US,mean,,158268.0
2025-02-17,PAYEMS,2026-05-31,15,US,quantile,0.05,156189.5
2025-02-17,PAYEMS,2026-05-31,15,US,quantile,0.1,157000.8
2025-02-17,PAYEMS,2026-05-31,15,US,quantile,0.5,160738.5
2025-02-17,PAYEMS,2026-05-31,15,US,quantile,0.9,162542.8
2025-02-17,PAYEMS,2026-05-31,15,US,quantile,0.95,163197.05
2025-02-17,PAYEMS,2026-05-31,15,US,mean,,158268.0
2025-02-17,PAYEMS,2026-06-30,16,US,quantile,0.05,156165.4
2025-02-17,PAYEMS,2026-06-30,16,US,quantile,0.1,156981.8
2025-02-17,PAYEMS,2026-06-30,16,US,quantile,0.5,160914.0
2025-02-17,PAYEMS,2026-06-30,16,US,quantile,0.9,162767.0
2025-02-17,PAYEMS,2026-06-30,16,US,quantile,0.95,163525.2
2025-02-17,PAYEMS,2026-06-30,16,US,mean,,158268.0
2025-02-17,PAYEMS,2026-07-31,17,US,quantile,0.05,156150.5
2025-02-17,PAYEMS,2026-07-31,17,US,quantile,0.1,156929.0
2025-02-17,PAYEMS,2026-07-31,17,US,quantile,0.5,161083.0
2025-02-17,PAYEMS,2026-07-31,17,US,quantile,0.9,162926.5
2025-02-17,PAYEMS,2026-07-31,17,US,quantile,0.95,163906.75
2025-02-17,PAYEMS,2026-07-31,17,US,mean,,158268.0
2025-02-17,PAYEMS,2026-08-31,18,US,quantile,0.05,155980.9
2025-02-17,PAYEMS,2026-08-31,18,US,quantile,0.1,156958.4
2025-02-17,PAYEMS,2026-08-31,18,US,quantile,0.5,161244.0
2025-02-17,PAYEMS,2026-08-31,18,US,quantile,0.9,163162.4
2025-02-17,PAYEMS,2026-08-31,18,US,quantile,0.95,164243.8
2025-02-17,PAYEMS,2026-08-31,18,US,mean,,158268.0
2025-02-17,PAYEMS,2026-09-30,19,US,quantile,0.05,155956.05
2025-02-17,PAYEMS,2026-09-30,19,US,quantile,0.1,156978.5
2025-02-17,PAYEMS,2026-09-30,19,US,quantile,0.5,161406.5
2025-02-17,PAYEMS,2026-09-30,19,US,quantile,0.9,163404.7
2025-02-17,PAYEMS,2026-09-30,19,US,quantile,0.95,164490.4
2025-02-17,PAYEMS,2026-09-30,19,US,mean,,158268.0
2025-02-17,PAYEMS,2026-10-31,20,US,quantile,0.05,155914.8
2025-02-17,PAYEMS,2026-10-31,20,US,quantile,0.1,156999.6
2025-02-17,PAYEMS,2026-10-31,20,US,quantile,0.5,161572.0
2025-02-17,PAYEMS,2026-10-31,20,US,quantile,0.9,163658.4
2025-02-17,PAYEMS,2026-10-31,20,US,quantile,0.95,164692.6
2025-02-17,PAYEMS,2026-10-31,20,US,mean,,158268.0
2025-02-17,PAYEMS,2026-11-30,21,US,quantile,0.05,155879.55
2025-02-17,PAYEMS,2026-11-30,21,US,quantile,0.1,157015.2
2025-02-17,PAYEMS,2026-11-30,21,US,quantile,0.5,161652.0
2025-02-17,PAYEMS,2026-11-30,21,US,quantile,0.9,163902.9
2025-02-17,PAYEMS,2026-11-30,21,US,quantile,0.95,164903.7
2025-02-17,PAYEMS,2026-11-30,21,US,mean,,158268.0
2025-02-17,PAYEMS,2026-12-31,22,US,quantile,0.05,155797.0
2025-02-17,PAYEMS,2026-12-31,22,US,quantile,0.1,157044.0
2025-02-17,PAYEMS,2026-12-31,22,US,quantile,0.5,161760.0
2025-02-17,PAYEMS,2026-12-31,22,US,quantile,0.9,164161.0
2025-02-17,PAYEMS,2026-12-31,22,US,quantile,0.95,165210.0
2025-02-17,PAYEMS,2026-12-31,22,US,mean,,158268.0
2025-02-17,PAYEMS,2027-01-31,23,US,quantile,0.05,155741.35
2025-02-17,PAYEMS,2027-01-31,23,US,quantile,0.1,157057.3
2025-02-17,PAYEMS,2027-01-31,23,US,quantile,0.5,161897.0
2025-02-17,PAYEMS,2027-01-31,23,US,quantile,0.9,164415.0
2025-02-17,PAYEMS,2027-01-31,23,US,quantile,0.95,165491.65
2025-02-17,PAYEMS,2027-01-31,23,US,mean,,158268.0
2025-02-17,CPIAUCSL,2025-02-28,0,US,quantile,0.05,-0.0
2025-02-17,CPIAUCSL,2025-02-28,0,US,quantile,0.1,0.0
2025-02-17,CPIAUCSL,2025-02-28,0,US,quantile,0.5,0.0
2025-02-17,CPIAUCSL,2025-02-28,0,US,quantile,0.9,0.01
2025-02-17,CPIAUCSL,2025-02-28,0,US,quantile,0.95,0.01
2025-02-17,CPIAUCSL,2025-02-28,0,US,mean,,0.0
2025-02-17,CPIAUCSL,2025-03-31,1,US,quantile,0.05,-0.0
2025-02-17,CPIAUCSL,2025-03-31,1,US,quantile,0.1,0.0
2025-02-17,CPIAUCSL,2025-03-31,1,US,quantile,0.5,0.0
2025-02-17,CPIAUCSL,2025-03-31,1,US,quantile,0.9,0.01
2025-02-17,CPIAUCSL,2025-03-31,1,US,quantile,0.95,0.01
2025-02-17,CPIAUCSL,2025-03-31,1,US,mean,,0.0
2025-02-17,CPIAUCSL,2025-04-30,2,US,quantile,0.05,-0.0
2025-02-17,CPIAUCSL,2025-04-30,2,US,quantile,0.1,0.0
2025-02-17,CPIAUCSL,2025-04-30,2,US,quantile,0.5,0.0
2025-02-17,CPIAUCSL,2025-04-30,2,US,quantile,0.9,0.01
2025-02-17,CPIAUCSL,2025-04-30,2,US,quantile,0.95,0.01
2025-02-17,CPIAUCSL,2025-04-30,2,US,mean,,0.0
2025-02-17,CPIAUCSL,2025-05-31,3,US,quantile,0.05,-0.0
2025-02-17,CPIAUCSL,2025-05-31,3,US,quantile,0.1,0.0
2025-02-17,CPIAUCSL,2025-05-31,3,US,quantile,0.5,0.0
2025-02-17,CPIAUCSL,2025-05-31,3,US,quantile,0.9,0.01
2025-02-17,CPIAUCSL,2025-05-31,3,US,quantile,0.95,0.01
2025-02-17,CPIAUCSL,2025-05-31,3,US,mean,,0.0
2025-02-17,CPIAUCSL,2025-06-30,4,US,quantile,0.05,-0.0
2025-02-17,CPIAUCSL,2025-06-30,4,US,quantile,0.1,0.0
2025-02-17,CPIAUCSL,2025-06-30,4,US,quantile,0.5,0.0
2025-02-17,CPIAUCSL,2025-06-30,4,US,quantile,0.9,0.01
2025-02-17,CPIAUCSL,2025-06-30,4,US,quantile,0.95,0.01
2025-02-17,CPIAUCSL,2025-06-30,4,US,mean,,0.0
2025-02-17,CPIAUCSL,2025-07-31,5,US,quantile,0.05,-0.0
2025-02-17,CPIAUCSL,2025-07-31,5,US,quantile,0.1,0.0
2025-02-17,CPIAUCSL,2025-07-31,5,US,quantile,0.5,0.0
2025-02-17,CPIAUCSL,2025-07-31,5,US,quantile,0.9,0.01
2025-02-17,CPIAUCSL,2025-07-31,5,US,quantile,0.95,0.01
2025-02-17,CPIAUCSL,2025-07-31,5,US,mean,,0.0
2025-02-17,CPIAUCSL,2025-08-31,6,US,quantile,0.05,-0.0
2025-02-17,CPIAUCSL,2025-08-31,6,US,quantile,0.1,0.0
2025-02-17,CPIAUCSL,2025-08-31,6,US,quantile,0.5,0.0
2025-02-17,CPIAUCSL,2025-08-31,6,US,quantile,0.9,0.01
2025-02-17,CPIAUCSL,2025-08-31,6,US,quantile,0.95,0.01
2025-02-17,CPIAUCSL,2025-08-31,6,US,mean,,0.0
2025-02-17,CPIAUCSL,2025-09-30,7,US,quantile,0.05,-0.0
2025-02-17,CPIAUCSL,2025-09-30,7,US,quantile,0.1,0.0
2025-02-17,CPIAUCSL,2025-09-30,7,US,quantile,0.5,0.0
2025-02-17,CPIAUCSL,2025-09-30,7,US,quantile,0.9,0.01
2025-02-17,CPIAUCSL,2025-09-30,7,US,quantile,0.95,0.01
2025-02-17,CPIAUCSL,2025-09-30,7,US,mean,,0.0
2025-02-17,CPIAUCSL,2025-10-31,8,US,quantile,0.05,-0.0
2025-02-17,CPIAUCSL,2025-10-31,8,US,quantile,0.1,0.0
2025-02-17,CPIAUCSL,2025-10-31,8,US,quantile,0.5,0.0
2025-02-17,CPIAUCSL,2025-10-31,8,US,quantile,0.9,0.01
2025-02-17,CPIAUCSL,2025-10-31,8,US,quantile,0.95,0.01
2025-02-17,CPIAUCSL,2025-10-31,8,US,mean,,0.0
2025-02-17,CPIAUCSL,2025-11-30,9,US,quantile,0.05,-0.0
2025-02-17,CPIAUCSL,2025-11-30,9,US,quantile,0.1,0.0
2025-02-17,CPIAUCSL,2025-11-30,9,US,quantile,0.5,0.0
2025-02-17,CPIAUCSL,2025-11-30,9,US,quantile,0.9,0.01
2025-02-17,CPIAUCSL,2025-11-30,9,US,quantile,0.95,0.01
2025-02-17,CPIAUCSL,2025-11-30,9,US,mean,,0.0
2025-02-17,CPIAUCSL,2025-12-31,10,US,quantile,0.05,-0.0
2025-02-17,CPIAUCSL,2025-12-31,10,US,quantile,0.1,0.0
2025-02-17,CPIAUCSL,2025-12-31,10,US,quantile,0.5,0.0
2025-02-17,CPIAUCSL,2025-12-31,10,US,quantile,0.9,0.01
2025-02-17,CPIAUCSL,2025-12-31,10,US,quantile,0.95,0.01
2025-02-17,CPIAUCSL,2025-12-31,10,US,mean,,0.0
2025-02-17,CPIAUCSL,2026-01-31,11,US,quantile,0.05,-0.0
2025-02-17,CPIAUCSL,2026-01-31,11,US,quantile,0.1,0.0
2025-02-17,CPIAUCSL,2026-01-31,11,US,quantile,0.5,0.0
2025-02-17,CPIAUCSL,2026-01-31,11,US,quantile,0.9,0.01
2025-02-17,CPIAUCSL,2026-01-31,11,US,quantile,0.95,0.01
2025-02-17,CPIAUCSL,2026-01-31,11,US,mean,,0.0
2025-02-17,CPIAUCSL,2026-02-28,12,US,quantile,0.05,-0.0
2025-02-17,CPIAUCSL,2026-02-28,12,US,quantile,0.1,-0.0
2025-02-17,CPIAUCSL,2026-02-28,12,US,quantile,0.5,0.0
2025-02-17,CPIAUCSL,2026-02-28,12,US,quantile,0.9,0.01
2025-02-17,CPIAUCSL,2026-02-28,12,US,quantile,0.95,0.01
2025-02-17,CPIAUCSL,2026-02-28,12,US,mean,,0.0
2025-02-17,CPIAUCSL,2026-03-31,13,US,quantile,0.05,-0.0
2025-02-17,CPIAUCSL,2026-03-31,13,US,quantile,0.1,-0.0
2025-02-17,CPIAUCSL,2026-03-31,13,US,quantile,0.5,0.0
2025-02-17,CPIAUCSL,2026-03-31,13,US,quantile,0.9,0.01
2025-02-17,CPIAUCSL,2026-03-31,13,US,quantile,0.95,0.01
2025-02-17,CPIAUCSL,2026-03-31,13,US,mean,,0.0
2025-02-17,CPIAUCSL,2026-04-30,14,US,quantile,0.05,-0.0
2025-02-17,CPIAUCSL,2026-04-30,14,US,quantile,0.1,-0.0
2025-02-17,CPIAUCSL,2026-04-30,14,US,quantile,0.5,0.0
2025-02-17,CPIAUCSL,2026-04-30,14,US,quantile,0.9,0.01
2025-02-17,CPIAUCSL,2026-04-30,14,US,quantile,0.95,0.01
2025-02-17,CPIAUCSL,2026-04-30,14,US,mean,,0.0
2025-02-17,CPIAUCSL,2026-05-31,15,US,quantile,0.05,-0.0
2025-02-17,CPIAUCSL,2026-05-31,15,US,quantile,0.1,-0.0
2025-02-17,CPIAUCSL,2026-05-31,15,US,quantile,0.5,0.0
2025-02-17,CPIAUCSL,2026-05-31,15,US,quantile,0.9,0.01
2025-02-17,CPIAUCSL,2026-05-31,15,US,quantile,0.95,0.01
2025-02-17,CPIAUCSL,2026-05-31,15,US,mean,,0.0
2025-02-17,CPIAUCSL,2026-06-30,16,US,quantile,0.05,-0.0
2025-02-17,CPIAUCSL,2026-06-30,16,US,quantile,0.1,-0.0
2025-02-17,CPIAUCSL,2026-06-30,16,US,quantile,0.5,0.0
2025-02-17,CPIAUCSL,2026-06-30,16,US,quantile,0.9,0.01
2025-02-17,CPIAUCSL,2026-06-30,16,US,quantile,0.95,0.01
2025-02-17,CPIAUCSL,2026-06-30,16,US,mean,,0.0
2025-02-17,CPIAUCSL,2026-07-31,17,US,quantile,0.05,-0.0
2025-02-17,CPIAUCSL,2026-07-31,17,US,quantile,0.1,-0.0
2025-02-17,CPIAUCSL,2026-07-31,17,US,quantile,0.5,0.0
2025-02-17,CPIAUCSL,2026-07-31,17,US,quantile,0.9,0.01
2025-02-17,CPIAUCSL,2026-07-31,17,US,quantile,0.95,0.01
2025-02-17,CPIAUCSL,2026-07-31,17,US,mean,,0.0
2025-02-17,CPIAUCSL,2026-08-31,18,US,quantile,0.05,-0.0
2025-02-17,CPIAUCSL,2026-08-31,18,US,quantile,0.1,-0.0
2025-02-17,CPIAUCSL,2026-08-31,18,US,quantile,0.5,0.0
2025-02-17,CPIAUCSL,2026-08-31,18,US,quantile,0.9,0.01
2025-02-17,CPIAUCSL,2026-08-31,18,US,quantile,0.95,0.01
2025-02-17,CPIAUCSL,2026-08-31,18,US,mean,,0.0
2025-02-17,CPIAUCSL,2026-09-30,19,US,quantile,0.05,-0.0
2025-02-17,CPIAUCSL,2026-09-30,19,US,quantile,0.1,-0.0
2025-02-17,CPIAUCSL,2026-09-30,19,US,quantile,0.5,0.0
2025-02-17,CPIAUCSL,2026-09-30,19,US,quantile,0.9,0.01
2025-02-17,CPIAUCSL,2026-09-30,19,US,quantile,0.95,0.01
2025-02-17,CPIAUCSL,2026-09-30,19,US,mean,,0.0
2025-02-17,CPIAUCSL,2026-10-31,20,US,quantile,0.05,-0.0
2025-02-17,CPIAUCSL,2026-10-31,20,US,quantile,0.1,-0.0
2025-02-17,CPIAUCSL,2026-10-31,20,US,quantile,0.5,0.0
2025-02-17,CPIAUCSL,2026-10-31,20,US,quantile,0.9,0.01
2025-02-17,CPIAUCSL,2026-10-31,20,US,quantile,0.95,0.01
2025-02-17,CPIAUCSL,2026-10-31,20,US,mean,,0.0
2025-02-17,CPIAUCSL,2026-11-30,21,US,quantile,0.05,-0.0
2025-02-17,CPIAUCSL,2026-11-30,21,US,quantile,0.1,-0.0
2025-02-17,CPIAUCSL,2026-11-30,21,US,quantile,0.5,0.0
2025-02-17,CPIAUCSL,2026-11-30,21,US,quantile,0.9,0.01
2025-02-17,CPIAUCSL,2026-11-30,21,US,quantile,0.95,0.01
2025-02-17,CPIAUCSL,2026-11-30,21,US,mean,,0.0
2025-02-17,CPIAUCSL,2026-12-31,22,US,quantile,0.05,-0.0
2025-02-17,CPIAUCSL,2026-12-31,22,US,quantile,0.1,-0.0
2025-02-17,CPIAUCSL,2026-12-31,22,US,quantile,0.5,0.0
2025-02-17,CPIAUCSL,2026-12-31,22,US,quantile,0.9,0.01
2025-02-17,CPIAUCSL,2026-12-31,22,US,quantile,0.95,0.01
2025-02-17,CPIAUCSL,2026-12-31,22,US,mean,,0.0
2025-02-17,CPIAUCSL,2027-01-31,23,US,quantile,0.05,-0.0
2025-02-17,CPIAUCSL,2027-01-31,23,US,quantile,0.1,-0.0
2025-02-17,CPIAUCSL,2027-01-31,23,US,quantile,0.5,0.0
2025-02-17,CPIAUCSL,2027-01-31,23,US,quantile,0.9,0.01
2025-02-17,CPIAUCSL,2027-01-31,23,US,quantile,0.95,0.01
2025-02-17,CPIAUCSL,2027-01-31,23,US,mean,,0.0
2025-02-17,PCEPI,2025-02-28,0,US,quantile,0.05,0.0
2025-02-17,PCEPI,2025-02-28,0,US,quantile,0.1,0.0
2025-02-17,PCEPI,2025-02-28,0,US,quantile,0.5,0.0
2025-02-17,PCEPI,2025-02-28,0,US,quantile,0.9,0.01
2025-02-17,PCEPI,2025-02-28,0,US,quantile,0.95,0.01
2025-02-17,PCEPI,2025-02-28,0,US,mean,,0.0
2025-02-17,PCEPI,2025-03-31,1,US,quantile,0.05,0.0
2025-02-17,PCEPI,2025-03-31,1,US,quantile,0.1,0.0
2025-02-17,PCEPI,2025-03-31,1,US,quantile,0.5,0.0
2025-02-17,PCEPI,2025-03-31,1,US,quantile,0.9,0.01
2025-02-17,PCEPI,2025-03-31,1,US,quantile,0.95,0.01
2025-02-17,PCEPI,2025-03-31,1,US,mean,,0.0
2025-02-17,PCEPI,2025-04-30,2,US,quantile,0.05,-0.0
2025-02-17,PCEPI,2025-04-30,2,US,quantile,0.1,0.0
2025-02-17,PCEPI,2025-04-30,2,US,quantile,0.5,0.0
2025-02-17,PCEPI,2025-04-30,2,US,quantile,0.9,0.01
2025-02-17,PCEPI,2025-04-30,2,US,quantile,0.95,0.01
2025-02-17,PCEPI,2025-04-30,2,US,mean,,0.0
2025-02-17,PCEPI,2025-05-31,3,US,quantile,0.05,-0.0
2025-02-17,PCEPI,2025-05-31,3,US,quantile,0.1,0.0
2025-02-17,PCEPI,2025-05-31,3,US,quantile,0.5,0.0
2025-02-17,PCEPI,2025-05-31,3,US,quantile,0.9,0.01
2025-02-17,PCEPI,2025-05-31,3,US,quantile,0.95,0.01
2025-02-17,PCEPI,2025-05-31,3,US,mean,,0.0
2025-02-17,PCEPI,2025-06-30,4,US,quantile,0.05,-0.0
2025-02-17,PCEPI,2025-06-30,4,US,quantile,0.1,0.0
2025-02-17,PCEPI,2025-06-30,4,US,quantile,0.5,0.0
2025-02-17,PCEPI,2025-06-30,4,US,quantile,0.9,0.01
2025-02-17,PCEPI,2025-06-30,4,US,quantile,0.95,0.01
2025-02-17,PCEPI,2025-06-30,4,US,mean,,0.0
2025-02-17,PCEPI,2025-07-31,5,US,quantile,0.05,-0.0
2025-02-17,PCEPI,2025-07-31,5,US,quantile,0.1,0.0
2025-02-17,PCEPI,2025-07-31,5,US,quantile,0.5,0.0
2025-02-17,PCEPI,2025-07-31,5,US,quantile,0.9,0.01
2025-02-17,PCEPI,2025-07-31,5,US,quantile,0.95,0.01
2025-02-17,PCEPI,2025-07-31,5,US,mean,,0.0
2025-02-17,PCEPI,2025-08-31,6,US,quantile,0.05,-0.0
2025-02-17,PCEPI,2025-08-31,6,US,quantile,0.1,0.0
2025-02-17,PCEPI,2025-08-31,6,US,quantile,0.5,0.0
2025-02-17,PCEPI,2025-08-31,6,US,quantile,0.9,0.01
2025-02-17,PCEPI,2025-08-31,6,US,quantile,0.95,0.01
2025-02-17,PCEPI,2025-08-31,6,US,mean,,0.0
2025-02-17,PCEPI,2025-09-30,7,US,quantile,0.05,-0.0
2025-02-17,PCEPI,2025-09-30,7,US,quantile,0.1,0.0
2025-02-17,PCEPI,2025-09-30,7,US,quantile,0.5,0.0
2025-02-17,PCEPI,2025-09-30,7,US,quantile,0.9,0.01
2025-02-17,PCEPI,2025-09-30,7,US,quantile,0.95,0.01
2025-02-17,PCEPI,2025-09-30,7,US,mean,,0.0
2025-02-17,PCEPI,2025-10-31,8,US,quantile,0.05,-0.0
2025-02-17,PCEPI,2025-10-31,8,US,quantile,0.1,0.0
2025-02-17,PCEPI,2025-10-31,8,US,quantile,0.5,0.0
2025-02-17,PCEPI,2025-10-31,8,US,quantile,0.9,0.01
2025-02-17,PCEPI,2025-10-31,8,US,quantile,0.95,0.01
2025-02-17,PCEPI,2025-10-31,8,US,mean,,0.0
2025-02-17,PCEPI,2025-11-30,9,US,quantile,0.05,-0.0
2025-02-17,PCEPI,2025-11-30,9,US,quantile,0.1,0.0
2025-02-17,PCEPI,2025-11-30,9,US,quantile,0.5,0.0
2025-02-17,PCEPI,2025-11-30,9,US,quantile,0.9,0.01
2025-02-17,PCEPI,2025-11-30,9,US,quantile,0.95,0.01
2025-02-17,PCEPI,2025-11-30,9,US,mean,,0.0
2025-02-17,PCEPI,2025-12-31,10,US,quantile,0.05,-0.0
2025-02-17,PCEPI,2025-12-31,10,US,quantile,0.1,0.0
2025-02-17,PCEPI,2025-12-31,10,US,quantile,0.5,0.0
2025-02-17,PCEPI,2025-12-31,10,US,quantile,0.9,0.01
2025-02-17,PCEPI,2025-12-31,10,US,quantile,0.95,0.01
2025-02-17,PCEPI,2025-12-31,10,US,mean,,0.0
2025-02-17,PCEPI,2026-01-31,11,US,quantile,0.05,-0.0
2025-02-17,PCEPI,2026-01-31,11,US,quantile,0.1,0.0
2025-02-17,PCEPI,2026-01-31,11,US,quantile,0.5,0.0
2025-02-17,PCEPI,2026-01-31,11,US,quantile,0.9,0.01
2025-02-17,PCEPI,2026-01-31,11,US,quantile,0.95,0.01
2025-02-17,PCEPI,2026-01-31,11,US,mean,,0.0
2025-02-17,PCEPI,2026-02-28,12,US,quantile,0.05,-0.0
2025-02-17,PCEPI,2026-02-28,12,US,quantile,0.1,0.0
2025-02-17,PCEPI,2026-02-28,12,US,quantile,0.5,0.0
2025-02-17,PCEPI,2026-02-28,12,US,quantile,0.9,0.01
2025-02-17,PCEPI,2026-02-28,12,US,quantile,0.95,0.01
2025-02-17,PCEPI,2026-02-28,12,US,mean,,0.0
2025-02-17,PCEPI,2026-03-31,13,US,quantile,0.05,-0.0
2025-02-17,PCEPI,2026-03-31,13,US,quantile,0.1,0.0
2025-02-17,PCEPI,2026-03-31,13,US,quantile,0.5,0.0
2025-02-17,PCEPI,2026-03-31,13,US,quantile,0.9,0.01
2025-02-17,PCEPI,2026-03-31,13,US,quantile,0.95,0.01
2025-02-17,PCEPI,2026-03-31,13,US,mean,,0.0
2025-02-17,PCEPI,2026-04-30,14,US,quantile,0.05,-0.0
2025-02-17,PCEPI,2026-04-30,14,US,quantile,0.1,0.0
2025-02-17,PCEPI,2026-04-30,14,US,quantile,0.5,0.0
2025-02-17,PCEPI,2026-04-30,14,US,quantile,0.9,0.01
2025-02-17,PCEPI,2026-04-30,14,US,quantile,0.95,0.01
2025-02-17,PCEPI,2026-04-30,14,US,mean,,0.0
2025-02-17,PCEPI,2026-05-31,15,US,quantile,0.05,-0.0
2025-02-17,PCEPI,2026-05-31,15,US,quantile,0.1,0.0
2025-02-17,PCEPI,2026-05-31,15,US,quantile,0.5,0.0
2025-02-17,PCEPI,2026-05-31,15,US,quantile,0.9,0.01
2025-02-17,PCEPI,2026-05-31,15,US,quantile,0.95,0.01
2025-02-17,PCEPI,2026-05-31,15,US,mean,,0.0
2025-02-17,PCEPI,2026-06-30,16,US,quantile,0.05,-0.0
2025-02-17,PCEPI,2026-06-30,16,US,quantile,0.1,0.0
2025-02-17,PCEPI,2026-06-30,16,US,quantile,0.5,0.0
2025-02-17,PCEPI,2026-06-30,16,US,quantile,0.9,0.01
2025-02-17,PCEPI,2026-06-30,16,US,quantile,0.95,0.01
2025-02-17,PCEPI,2026-06-30,16,US,mean,,0.0
2025-02-17,PCEPI,2026-07-31,17,US,quantile,0.05,-0.0
2025-02-17,PCEPI,2026-07-31,17,US,quantile,0.1,0.0
2025-02-17,PCEPI,2026-07-31,17,US,quantile,0.5,0.0
2025-02-17,PCEPI,2026-07-31,17,US,quantile,0.9,0.01
2025-02-17,PCEPI,2026-07-31,17,US,quantile,0.95,0.01
2025-02-17,PCEPI,2026-07-31,17,US,mean,,0.0
2025-02-17,PCEPI,2026-08-31,18,US,quantile,0.05,-0.0
2025-02-17,PCEPI,2026-08-31,18,US,quantile,0.1,0.0
2025-02-17,PCEPI,2026-08-31,18,US,quantile,0.5,0.0
2025-02-17,PCEPI,2026-08-31,18,US,quantile,0.9,0.01
2025-02-17,PCEPI,2026-08-31,18,US,quantile,0.95,0.01
2025-02-17,PCEPI,2026-08-31,18,US,mean,,0.0
2025-02-17,PCEPI,2026-09-30,19,US,quantile,0.05,-0.0
2025-02-17,PCEPI,2026-09-30,19,US,quantile,0.1,0.0
2025-02-17,PCEPI,2026-09-30,19,US,quantile,0.5,0.0
2025-02-17,PCEPI,2026-09-30,19,US,quantile,0.9,0.01
2025-02-17,PCEPI,2026-09-30,19,US,quantile,0.95,0.01
2025-02-17,PCEPI,2026-09-30,19,US,mean,,0.0
2025-02-17,PCEPI,2026-10-31,20,US,quantile,0.05,-0.0
2025-02-17,PCEPI,2026-10-31,20,US,quantile,0.1,0.0
2025-02-17,PCEPI,2026-10-31,20,US,quantile,0.5,0.0
2025-02-17,PCEPI,2026-10-31,20,US,quantile,0.9,0.01
2025-02-17,PCEPI,2026-10-31,20,US,quantile,0.95,0.01
2025-02-17,PCEPI,2026-10-31,20,US,mean,,0.0
2025-02-17,PCEPI,2026-11-30,21,US,quantile,0.05,-0.0
2025-02-17,PCEPI,2026-11-30,21,US,quantile,0.1,0.0
2025-02-17,PCEPI,2026-11-30,21,US,quantile,0.5,0.0
2025-02-17,PCEPI,2026-11-30,21,US,quantile,0.9,0.01
2025-02-17,PCEPI,2026-11-30,21,US,quantile,0.95,0.01
2025-02-17,PCEPI,2026-11-30,21,US,mean,,0.0
2025-02-17,PCEPI,2026-12-31,22,US,quantile,0.05,-0.0
2025-02-17,PCEPI,2026-12-31,22,US,quantile,0.1,0.0
2025-02-17,PCEPI,2026-12-31,22,US,quantile,0.5,0.0
2025-02-17,PCEPI,2026-12-31,22,US,quantile,0.9,0.01
2025-02-17,PCEPI,2026-12-31,22,US,quantile,0.95,0.01
2025-02-17,PCEPI,2026-12-31,22,US,mean,,0.0
2025-02-17,PCEPI,2027-01-31,23,US,quantile,0.05,-0.0
2025-02-17,PCEPI,2027-01-31,23,US,quantile,0.1,0.0
2025-02-17,PCEPI,2027-01-31,23,US,quantile,0.5,0.0
2025-02-17,PCEPI,2027-01-31,23,US,quantile,0.9,0.01
2025-02-17,PCEPI,2027-01-31,23,US,quantile,0.95,0.01
2025-02-17,PCEPI,2027-01-31,23,US,mean,,0.0
2025-02-17,FEDFUNDS,2025-02-28,0,US,quantile,0.05,3.75
2025-02-17,FEDFUNDS,2025-02-28,0,US,quantile,0.1,3.99
2025-02-17,FEDFUNDS,2025-02-28,0,US,quantile,0.5,4.34
2025-02-17,FEDFUNDS,2025-02-28,0,US,quantile,0.9,4.66
2025-02-17,FEDFUNDS,2025-02-28,0,US,quantile,0.95,4.82
2025-02-17,FEDFUNDS,2025-02-28,0,US,mean,,4.33
2025-02-17,FEDFUNDS,2025-03-31,1,US,quantile,0.05,3.75
2025-02-17,FEDFUNDS,2025-03-31,1,US,quantile,0.1,3.99
2025-02-17,FEDFUNDS,2025-03-31,1,US,quantile,0.5,4.34
2025-02-17,FEDFUNDS,2025-03-31,1,US,quantile,0.9,4.66
2025-02-17,FEDFUNDS,2025-03-31,1,US,quantile,0.95,4.82
2025-02-17,FEDFUNDS,2025-03-31,1,US,mean,,4.33
2025-02-17,FEDFUNDS,2025-04-30,2,US,quantile,0.05,3.32
2025-02-17,FEDFUNDS,2025-04-30,2,US,quantile,0.1,3.7
2025-02-17,FEDFUNDS,2025-04-30,2,US,quantile,0.5,4.34
2025-02-17,FEDFUNDS,2025-04-30,2,US,quantile,0.9,4.9
2025-02-17,FEDFUNDS,2025-04-30,2,US,quantile,0.95,5.19
2025-02-17,FEDFUNDS,2025-04-30,2,US,mean,,4.33
2025-02-17,FEDFUNDS,2025-05-31,3,US,quantile,0.05,2.96
2025-02-17,FEDFUNDS,2025-05-31,3,US,quantile,0.1,3.44
2025-02-17,FEDFUNDS,2025-05-31,3,US,quantile,0.5,4.34
2025-02-17,FEDFUNDS,2025-05-31,3,US,quantile,0.9,5.07
2025-02-17,FEDFUNDS,2025-05-31,3,US,quantile,0.95,5.48
2025-02-17,FEDFUNDS,2025-05-31,3,US,mean,,4.33
2025-02-17,FEDFUNDS,2025-06-30,4,US,quantile,0.05,2.61
2025-02-17,FEDFUNDS,2025-06-30,4,US,quantile,0.1,3.24
2025-02-17,FEDFUNDS,2025-06-30,4,US,quantile,0.5,4.35
2025-02-17,FEDFUNDS,2025-06-30,4,US,quantile,0.9,5.29
2025-02-17,FEDFUNDS,2025-06-30,4,US,quantile,0.95,5.84
2025-02-17,FEDFUNDS,2025-06-30,4,US,mean,,4.33
2025-02-17,FEDFUNDS,2025-07-31,5,US,quantile,0.05,2.38
2025-02-17,FEDFUNDS,2025-07-31,5,US,quantile,0.1,2.96
2025-02-17,FEDFUNDS,2025-07-31,5,US,quantile,0.5,4.35
2025-02-17,FEDFUNDS,2025-07-31,5,US,quantile,0.9,5.47
2025-02-17,FEDFUNDS,2025-07-31,5,US,quantile,0.95,6.07
2025-02-17,FEDFUNDS,2025-07-31,5,US,mean,,4.33
2025-02-17,FEDFUNDS,2025-08-31,6,US,quantile,0.05,2.09
2025-02-17,FEDFUNDS,2025-08-31,6,US,quantile,0.1,2.83
2025-02-17,FEDFUNDS,2025-08-31,6,US,quantile,0.5,4.36
2025-02-17,FEDFUNDS,2025-08-31,6,US,quantile,0.9,5.62
2025-02-17,FEDFUNDS,2025-08-31,6,US,quantile,0.95,6.38
2025-02-17,FEDFUNDS,2025-08-31,6,US,mean,,4.33
2025-02-17,FEDFUNDS,2025-09-30,7,US,quantile,0.05,1.9
2025-02-17,FEDFUNDS,2025-09-30,7,US,quantile,0.1,2.57
2025-02-17,FEDFUNDS,2025-09-30,7,US,quantile,0.5,4.37
2025-02-17,FEDFUNDS,2025-09-30,7,US,quantile,0.9,5.81
2025-02-17,FEDFUNDS,2025-09-30,7,US,quantile,0.95,6.58
2025-02-17,FEDFUNDS,2025-09-30,7,US,mean,,4.33
2025-02-17,FEDFUNDS,2025-10-31,8,US,quantile,0.05,1.68
2025-02-17,FEDFUNDS,2025-10-31,8,US,quantile,0.1,2.43
2025-02-17,FEDFUNDS,2025-10-31,8,US,quantile,0.5,4.38
2025-02-17,FEDFUNDS,2025-10-31,8,US,quantile,0.9,5.96
2025-02-17,FEDFUNDS,2025-10-31,8,US,quantile,0.95,6.73
2025-02-17,FEDFUNDS,2025-10-31,8,US,mean,,4.33
2025-02-17,FEDFUNDS,2025-11-30,9,US,quantile,0.05,1.46
2025-02-17,FEDFUNDS,2025-11-30,9,US,quantile,0.1,2.33
2025-02-17,FEDFUNDS,2025-11-30,9,US,quantile,0.5,4.39
2025-02-17,FEDFUNDS,2025-11-30,9,US,quantile,0.9,6.1
2025-02-17,FEDFUNDS,2025-11-30,9,US,quantile,0.95,6.87
2025-02-17,FEDFUNDS,2025-11-30,9,US,mean,,4.33
2025-02-17,FEDFUNDS,2025-12-31,10,US,quantile,0.05,1.24
2025-02-17,FEDFUNDS,2025-12-31,10,US,quantile,0.1,2.17
2025-02-17,FEDFUNDS,2025-12-31,10,US,quantile,0.5,4.38
2025-02-17,FEDFUNDS,2025-12-31,10,US,quantile,0.9,6.32
2025-02-17,FEDFUNDS,2025-12-31,10,US,quantile,0.95,7.06
2025-02-17,FEDFUNDS,2025-12-31,10,US,mean,,4.33
2025-02-17,FEDFUNDS,2026-01-31,11,US,quantile,0.05,1.0
2025-02-17,FEDFUNDS,2026-01-31,11,US,quantile,0.1,2.04
2025-02-17,FEDFUNDS,2026-01-31,11,US,quantile,0.5,4.38
2025-02-17,FEDFUNDS,2026-01-31,11,US,quantile,0.9,6.46
2025-02-17,FEDFUNDS,2026-01-31,11,US,quantile,0.95,7.26
2025-02-17,FEDFUNDS,2026-01-31,11,US,mean,,4.33
2025-02-17,FEDFUNDS,2026-02-28,12,US,quantile,0.05,0.9
2025-02-17,FEDFUNDS,2026-02-28,12,US,quantile,0.1,1.96
2025-02-17,FEDFUNDS,2026-02-28,12,US,quantile,0.5,4.38
2025-02-17,FEDFUNDS,2026-02-28,12,US,quantile,0.9,6.6
2025-02-17,FEDFUNDS,2026-02-28,12,US,quantile,0.95,7.59
2025-02-17,FEDFUNDS,2026-02-28,12,US,mean,,4.33
2025-02-17,FEDFUNDS,2026-03-31,13,US,quantile,0.05,0.71
2025-02-17,FEDFUNDS,2026-03-31,13,US,quantile,0.1,1.88
2025-02-17,FEDFUNDS,2026-03-31,13,US,quantile,0.5,4.4
2025-02-17,FEDFUNDS,2026-03-31,13,US,quantile,0.9,6.77
2025-02-17,FEDFUNDS,2026-03-31,13,US,quantile,0.95,7.68
2025-02-17,FEDFUNDS,2026-03-31,13,US,mean,,4.33
2025-02-17,FEDFUNDS,2026-04-30,14,US,quantile,0.05,0.52
2025-02-17,FEDFUNDS,2026-04-30,14,US,quantile,0.1,1.77
2025-02-17,FEDFUNDS,2026-04-30,14,US,quantile,0.5,4.4
2025-02-17,FEDFUNDS,2026-04-30,14,US,quantile,0.9,6.93
2025-02-17,FEDFUNDS,2026-04-30,14,US,quantile,0.95,7.95
2025-02-17,FEDFUNDS,2026-04-30,14,US,mean,,4.33
2025-02-17,FEDFUNDS,2026-05-31,15,US,quantile,0.05,0.22
2025-02-17,FEDFUNDS,2026-05-31,15,US,quantile,0.1,1.67
2025-02-17,FEDFUNDS,2026-05-31,15,US,quantile,0.5,4.4
2025-02-17,FEDFUNDS,2026-05-31,15,US,quantile,0.9,7.15
2025-02-17,FEDFUNDS,2026-05-31,15,US,quantile,0.95,8.2
2025-02-17,FEDFUNDS,2026-05-31,15,US,mean,,4.33
2025-02-17,FEDFUNDS,2026-06-30,16,US,quantile,0.05,0.03
2025-02-17,FEDFUNDS,2026-06-30,16,US,quantile,0.1,1.55
2025-02-17,FEDFUNDS,2026-06-30,16,US,quantile,0.5,4.41
2025-02-17,FEDFUNDS,2026-06-30,16,US,quantile,0.9,7.25
2025-02-17,FEDFUNDS,2026-06-30,16,US,quantile,0.95,8.46
2025-02-17,FEDFUNDS,2026-06-30,16,US,mean,,4.33
2025-02-17,FEDFUNDS,2026-07-31,17,US,quantile,0.05,-0.12
2025-02-17,FEDFUNDS,2026-07-31,17,US,quantile,0.1,1.32
2025-02-17,FEDFUNDS,2026-07-31,17,US,quantile,0.5,4.45
2025-02-17,FEDFUNDS,2026-07-31,17,US,quantile,0.9,7.3
2025-02-17,FEDFUNDS,2026-07-31,17,US,quantile,0.95,8.56
2025-02-17,FEDFUNDS,2026-07-31,17,US,mean,,4.33
2025-02-17,FEDFUNDS,2026-08-31,18,US,quantile,0.05,-0.17
2025-02-17,FEDFUNDS,2026-08-31,18,US,quantile,0.1,1.09
2025-02-17,FEDFUNDS,2026-08-31,18,US,quantile,0.5,4.44
2025-02-17,FEDFUNDS,2026-08-31,18,US,quantile,0.9,7.34
2025-02-17,FEDFUNDS,2026-08-31,18,US,quantile,0.95,8.81
2025-02-17,FEDFUNDS,2026-08-31,18,US,mean,,4.33
2025-02-17,FEDFUNDS,2026-09-30,19,US,quantile,0.05,-0.31
2025-02-17,FEDFUNDS,2026-09-30,19,US,quantile,0.1,0.89
2025-02-17,FEDFUNDS,2026-09-30,19,US,quantile,0.5,4.42
2025-02-17,FEDFUNDS,2026-09-30,19,US,quantile,0.9,7.46
2025-02-17,FEDFUNDS,2026-09-30,19,US,quantile,0.95,9.0
2025-02-17,FEDFUNDS,2026-09-30,19,US,mean,,4.33
2025-02-17,FEDFUNDS,2026-10-31,20,US,quantile,0.05,-0.33
2025-02-17,FEDFUNDS,2026-10-31,20,US,quantile,0.1,0.72
2025-02-17,FEDFUNDS,2026-10-31,20,US,quantile,0.5,4.4
2025-02-17,FEDFUNDS,2026-10-31,20,US,quantile,0.9,7.62
2025-02-17,FEDFUNDS,2026-10-31,20,US,quantile,0.95,9.12
2025-02-17,FEDFUNDS,2026-10-31,20,US,mean,,4.33
2025-02-17,FEDFUNDS,2026-11-30,21,US,quantile,0.05,-0.43
2025-02-17,FEDFUNDS,2026-11-30,21,US,quantile,0.1,0.55
2025-02-17,FEDFUNDS,2026-11-30,21,US,quantile,0.5,4.39
2025-02-17,FEDFUNDS,2026-11-30,21,US,quantile,0.9,7.69
2025-02-17,FEDFUNDS,2026-11-30,21,US,quantile,0.95,9.32
2025-02-17,FEDFUNDS,2026-11-30,21,US,mean,,4.33
2025-02-17,FEDFUNDS,2026-12-31,22,US,quantile,0.05,-0.44
2025-02-17,FEDFUNDS,2026-12-31,22,US,quantile,0.1,0.46
2025-02-17,FEDFUNDS,2026-12-31,22,US,quantile,0.5,4.39
2025-02-17,FEDFUNDS,2026-12-31,22,US,quantile,0.9,7.84
2025-02-17,FEDFUNDS,2026-12-31,22,US,quantile,0.95,9.37
2025-02-17,FEDFUNDS,2026-12-31,22,US,mean,,4.33
2025-02-17,FEDFUNDS,2027-01-31,23,US,quantile,0.05,-0.45
2025-02-17,FEDFUNDS,2027-01-31,23,US,quantile,0.1,0.33
2025-02-17,FEDFUNDS,2027-01-31,23,US,quantile,0.5,4.41
2025-02-17,FEDFUNDS,2027-01-31,23,US,quantile,0.9,7.98
2025-02-17,FEDFUNDS,2027-01-31,23,US,quantile,0.95,9.45
2025-02-17,FEDFUNDS,2027-01-31,23,US,mean,,4.33
2025-02-17,GS10,2025-02-28,0,US,quantile,0.05,4.24
2025-02-17,GS10,2025-02-28,0,US,quantile,0.1,4.36
2025-02-17,GS10,2025-02-28,0,US,quantile,0.5,4.63
2025-02-17,GS10,2025-02-28,0,US,quantile,0.9,4.91
2025-02-17,GS10,2025-02-28,0,US,quantile,0.95,5.01
2025-02-17,GS10,2025-02-28,0,US,mean,,4.63
2025-02-17,GS10,2025-03-31,1,US,quantile,0.05,4.24
2025-02-17,GS10,2025-03-31,1,US,quantile,0.1,4.36
2025-02-17,GS10,2025-03-31,1,US,quantile,0.5,4.63
2025-02-17,GS10,2025-03-31,1,US,quantile,0.9,4.91
2025-02-17,GS10,2025-03-31,1,US,quantile,0.95,5.01
2025-02-17,GS10,2025-03-31,1,US,mean,,4.63
2025-02-17,GS10,2025-04-30,2,US,quantile,0.05,4.0
2025-02-17,GS10,2025-04-30,2,US,quantile,0.1,4.18
2025-02-17,GS10,2025-04-30,2,US,quantile,0.5,4.65
2025-02-17,GS10,2025-04-30,2,US,quantile,0.9,5.07
2025-02-17,GS10,2025-04-30,2,US,quantile,0.95,5.28
2025-02-17,GS10,2025-04-30,2,US,mean,,4.63
2025-02-17,GS10,2025-05-31,3,US,quantile,0.05,3.82
2025-02-17,GS10,2025-05-31,3,US,quantile,0.1,4.03
2025-02-17,GS10,2025-05-31,3,US,quantile,0.5,4.67
2025-02-17,GS10,2025-05-31,3,US,quantile,0.9,5.2
2025-02-17,GS10,2025-05-31,3,US,quantile,0.95,5.47
2025-02-17,GS10,2025-05-31,3,US,mean,,4.63
2025-02-17,GS10,2025-06-30,4,US,quantile,0.05,3.68
2025-02-17,GS10,2025-06-30,4,US,quantile,0.1,3.93
2025-02-17,GS10,2025-06-30,4,US,quantile,0.5,4.67
2025-02-17,GS10,2025-06-30,4,US,quantile,0.9,5.3
2025-02-17,GS10,2025-06-30,4,US,quantile,0.95,5.56
2025-02-17,GS10,2025-06-30,4,US,mean,,4.63
2025-02-17,GS10,2025-07-31,5,US,quantile,0.05,3.52
2025-02-17,GS10,2025-07-31,5,US,quantile,0.1,3.8
2025-02-17,GS10,2025-07-31,5,US,quantile,0.5,4.67
2025-02-17,GS10,2025-07-31,5,US,quantile,0.9,5.39
2025-02-17,GS10,2025-07-31,5,US,quantile,0.95,5.68
2025-02-17,GS10,2025-07-31,5,US,mean,,4.63
2025-02-17,GS10,2025-08-31,6,US,quantile,0.05,3.44
2025-02-17,GS10,2025-08-31,6,US,quantile,0.1,3.75
2025-02-17,GS10,2025-08-31,6,US,quantile,0.5,4.67
2025-02-17,GS10,2025-08-31,6,US,quantile,0.9,5.47
2025-02-17,GS10,2025-08-31,6,US,quantile,0.95,5.77
2025-02-17,GS10,2025-08-31,6,US,mean,,4.63
2025-02-17,GS10,2025-09-30,7,US,quantile,0.05,3.37
2025-02-17,GS10,2025-09-30,7,US,quantile,0.1,3.63
2025-02-17,GS10,2025-09-30,7,US,quantile,0.5,4.68
2025-02-17,GS10,2025-09-30,7,US,quantile,0.9,5.52
2025-02-17,GS10,2025-09-30,7,US,quantile,0.95,5.81
2025-02-17,GS10,2025-09-30,7,US,mean,,4.63
2025-02-17,GS10,2025-10-31,8,US,quantile,0.05,3.29
2025-02-17,GS10,2025-10-31,8,US,quantile,0.1,3.62
2025-02-17,GS10,2025-10-31,8,US,quantile,0.5,4.66
2025-02-17,GS10,2025-10-31,8,US,quantile,0.9,5.57
2025-02-17,GS10,2025-10-31,8,US,quantile,0.95,5.93
2025-02-17,GS10,2025-10-31,8,US,mean,,4.63
2025-02-17,GS10,2025-11-30,9,US,quantile,0.05,3.21
2025-02-17,GS10,2025-11-30,9,US,quantile,0.1,3.55
2025-02-17,GS10,2025-11-30,9,US,quantile,0.5,4.71
2025-02-17,GS10,2025-11-30,9,US,quantile,0.9,5.65
2025-02-17,GS10,2025-11-30,9,US,quantile,0.95,5.97
2025-02-17,GS10,2025-11-30,9,US,mean,,4.63
2025-02-17,GS10,2025-12-31,10,US,quantile,0.05,3.17
2025-02-17,GS10,2025-12-31,10,US,quantile,0.1,3.56
2025-02-17,GS10,2025-12-31,10,US,quantile,0.5,4.69
2025-02-17,GS10,2025-12-31,10,US,quantile,0.9,5.7
2025-02-17,GS10,2025-12-31,10,US,quantile,0.95,6.06
2025-02-17,GS10,2025-12-31,10,US,mean,,4.63
2025-02-17,GS10,2026-01-31,11,US,quantile,0.05,3.09
2025-02-17,GS10,2026-01-31,11,US,quantile,0.1,3.5
2025-02-17,GS10,2026-01-31,11,US,quantile,0.5,4.72
2025-02-17,GS10,2026-01-31,11,US,quantile,0.9,5.74
2025-02-17,GS10,2026-01-31,11,US,quantile,0.95,6.2
2025-02-17,GS10,2026-01-31,11,US,mean,,4.63
2025-02-17,GS10,2026-02-28,12,US,quantile,0.05,3.02
2025-02-17,GS10,2026-02-28,12,US,quantile,0.1,3.4
2025-02-17,GS10,2026-02-28,12,US,quantile,0.5,4.73
2025-02-17,GS10,2026-02-28,12,US,quantile,0.9,5.78
2025-02-17,GS10,2026-02-28,12,US,quantile,0.95,6.25
2025-02-17,GS10,2026-02-28,12,US,mean,,4.63
2025-02-17,GS10,2026-03-31,13,US,quantile,0.05,2.92
2025-02-17,GS10,2026-03-31,13,US,quantile,0.1,3.37
2025-02-17,GS10,2026-03-31,13,US,quantile,0.5,4.74
2025-02-17,GS10,2026-03-31,13,US,quantile,0.9,5.89
2025-02-17,GS10,2026-03-31,13,US,quantile,0.95,6.37
2025-02-17,GS10,2026-03-31,13,US,mean,,4.63
2025-02-17,GS10,2026-04-30,14,US,quantile,0.05,2.76
2025-02-17,GS10,2026-04-30,14,US,quantile,0.1,3.31
2025-02-17,GS10,2026-04-30,14,US,quantile,0.5,4.74
2025-02-17,GS10,2026-04-30,14,US,quantile,0.9,5.91
2025-02-17,GS10,2026-04-30,14,US,quantile,0.95,6.5
2025-02-17,GS10,2026-04-30,14,US,mean,,4.63
2025-02-17,GS10,2026-05-31,15,US,quantile,0.05,2.68
2025-02-17,GS10,2026-05-31,15,US,quantile,0.1,3.26
2025-02-17,GS10,2026-05-31,15,US,quantile,0.5,4.74
2025-02-17,GS10,2026-05-31,15,US,quantile,0.9,5.96
2025-02-17,GS10,2026-05-31,15,US,quantile,0.95,6.48
2025-02-17,GS10,2026-05-31,15,US,mean,,4.63
2025-02-17,GS10,2026-06-30,16,US,quantile,0.05,2.67
2025-02-17,GS10,2026-06-30,16,US,quantile,0.1,3.19
2025-02-17,GS10,2026-06-30,16,US,quantile,0.5,4.76
2025-02-17,GS10,2026-06-30,16,US,quantile,0.9,6.05
2025-02-17,GS10,2026-06-30,16,US,quantile,0.95,6.6
2025-02-17,GS10,2026-06-30,16,US,mean,,4.63
2025-02-17,GS10,2026-07-31,17,US,quantile,0.05,2.57
2025-02-17,GS10,2026-07-31,17,US,quantile,0.1,3.15
2025-02-17,GS10,2026-07-31,17,US,quantile,0.5,4.73
2025-02-17,GS10,2026-07-31,17,US,quantile,0.9,6.16
2025-02-17,GS10,2026-07-31,17,US,quantile,0.95,6.66
2025-02-17,GS10,2026-07-31,17,US,mean,,4.63
2025-02-17,GS10,2026-08-31,18,US,quantile,0.05,2.53
2025-02-17,GS10,2026-08-31,18,US,quantile,0.1,3.17
2025-02-17,GS10,2026-08-31,18,US,quantile,0.5,4.74
2025-02-17,GS10,2026-08-31,18,US,quantile,0.9,6.24
2025-02-17,GS10,2026-08-31,18,US,quantile,0.95,6.72
2025-02-17,GS10,2026-08-31,18,US,mean,,4.63
2025-02-17,GS10,2026-09-30,19,US,quantile,0.05,2.52
2025-02-17,GS10,2026-09-30,19,US,quantile,0.1,3.14
2025-02-17,GS10,2026-09-30,19,US,quantile,0.5,4.77
2025-02-17,GS10,2026-09-30,19,US,quantile,0.9,6.26
2025-02-17,GS10,2026-09-30,19,US,quantile,0.95,6.77
2025-02-17,GS10,2026-09-30,19,US,mean,,4.63
2025-02-17,GS10,2026-10-31,20,US,quantile,0.05,2.59
2025-02-17,GS10,2026-10-31,20,US,quantile,0.1,3.03
2025-02-17,GS10,2026-10-31,20,US,quantile,0.5,4.76
2025-02-17,GS10,2026-10-31,20,US,quantile,0.9,6.2
2025-02-17,GS10,2026-10-31,20,US,quantile,0.95,6.85
2025-02-17,GS10,2026-10-31,20,US,mean,,4.63
2025-02-17,GS10,2026-11-30,21,US,quantile,0.05,2.56
2025-02-17,GS10,2026-11-30,21,US,quantile,0.1,3.01
2025-02-17,GS10,2026-11-30,21,US,quantile,0.5,4.76
2025-02-17,GS10,2026-11-30,21,US,quantile,0.9,6.26
2025-02-17,GS10,2026-11-30,21,US,quantile,0.95,6.88
2025-02-17,GS10,2026-11-30,21,US,mean,,4.63
2025-02-17,GS10,2026-12-31,22,US,quantile,0.05,2.54
2025-02-17,GS10,2026-12-31,22,US,quantile,0.1,2.94
2025-02-17,GS10,2026-12-31,22,US,quantile,0.5,4.77
2025-02-17,GS10,2026-12-31,22,US,quantile,0.9,6.25
2025-02-17,GS10,2026-12-31,22,US,quantile,0.95,6.91
2025-02-17,GS10,2026-12-31,22,US,mean,,4.63
2025-02-17,GS10,2027-01-31,23,US,quantile,0.05,2.47
2025-02-17,GS10,2027-01-31,23,US,quantile,0.1,2.96
2025-02-17,GS10,2027-01-31,23,US,quantile,0.5,4.79
2025-02-17,GS10,2027-01-31,23,US,quantile,0.9,6.26
2025-02-17,GS10,2027-01-31,23,US,quantile,0.95,6.89
2025-02-17,GS10,2027-01-31,23,US,mean,,4.63
2025-02-17,TB3MS,2025-02-28,0,US,quantile,0.05,3.75
2025-02-17,TB3MS,2025-02-28,0,US,quantile,0.1,3.97
2025-02-17,TB3MS,2025-02-28,0,US,quantile,0.5,4.21
2025-02-17,TB3MS,2025-02-28,0,US,quantile,0.9,4.46
2025-02-17,TB3MS,2025-02-28,0,US,quantile,0.95,4.58
2025-02-17,TB3MS,2025-02-28,0,US,mean,,4.21
2025-02-17,TB3MS,2025-03-31,1,US,quantile,0.05,3.75
2025-02-17,TB3MS,2025-03-31,1,US,quantile,0.1,3.97
2025-02-17,TB3MS,2025-03-31,1,US,quantile,0.5,4.21
2025-02-17,TB3MS,2025-03-31,1,US,quantile,0.9,4.46
2025-02-17,TB3MS,2025-03-31,1,US,quantile,0.95,4.58
2025-02-17,TB3MS,2025-03-31,1,US,mean,,4.21
2025-02-17,TB3MS,2025-04-30,2,US,quantile,0.05,3.43
2025-02-17,TB3MS,2025-04-30,2,US,quantile,0.1,3.78
2025-02-17,TB3MS,2025-04-30,2,US,quantile,0.5,4.21
2025-02-17,TB3MS,2025-04-30,2,US,quantile,0.9,4.64
2025-02-17,TB3MS,2025-04-30,2,US,quantile,0.95,4.88
2025-02-17,TB3MS,2025-04-30,2,US,mean,,4.21
2025-02-17,TB3MS,2025-05-31,3,US,quantile,0.05,3.16
2025-02-17,TB3MS,2025-05-31,3,US,quantile,0.1,3.59
2025-02-17,TB3MS,2025-05-31,3,US,quantile,0.5,4.22
2025-02-17,TB3MS,2025-05-31,3,US,quantile,0.9,4.8
2025-02-17,TB3MS,2025-05-31,3,US,quantile,0.95,5.06
2025-02-17,TB3MS,2025-05-31,3,US,mean,,4.21
2025-02-17,TB3MS,2025-06-30,4,US,quantile,0.05,2.95
2025-02-17,TB3MS,2025-06-30,4,US,quantile,0.1,3.43
2025-02-17,TB3MS,2025-06-30,4,US,quantile,0.5,4.22
2025-02-17,TB3MS,2025-06-30,4,US,quantile,0.9,4.95
2025-02-17,TB3MS,2025-06-30,4,US,quantile,0.95,5.27
2025-02-17,TB3MS,2025-06-30,4,US,mean,,4.21
2025-02-17,TB3MS,2025-07-31,5,US,quantile,0.05,2.74
2025-02-17,TB3MS,2025-07-31,5,US,quantile,0.1,3.29
2025-02-17,TB3MS,2025-07-31,5,US,quantile,0.5,4.23
2025-02-17,TB3MS,2025-07-31,5,US,quantile,0.9,5.09
2025-02-17,TB3MS,2025-07-31,5,US,quantile,0.95,5.45
2025-02-17,TB3MS,2025-07-31,5,US,mean,,4.21
2025-02-17,TB3MS,2025-08-31,6,US,quantile,0.05,2.52
2025-02-17,TB3MS,2025-08-31,6,US,quantile,0.1,3.11
2025-02-17,TB3MS,2025-08-31,6,US,quantile,0.5,4.23
2025-02-17,TB3MS,2025-08-31,6,US,quantile,0.9,5.22
2025-02-17,TB3MS,2025-08-31,6,US,quantile,0.95,5.64
2025-02-17,TB3MS,2025-08-31,6,US,mean,,4.21
2025-02-17,TB3MS,2025-09-30,7,US,quantile,0.05,2.36
2025-02-17,TB3MS,2025-09-30,7,US,quantile,0.1,2.97
2025-02-17,TB3MS,2025-09-30,7,US,quantile,0.5,4.24
2025-02-17,TB3MS,2025-09-30,7,US,quantile,0.9,5.3
2025-02-17,TB3MS,2025-09-30,7,US,quantile,0.95,5.78
2025-02-17,TB3MS,2025-09-30,7,US,mean,,4.21
2025-02-17,TB3MS,2025-10-31,8,US,quantile,0.05,2.33
2025-02-17,TB3MS,2025-10-31,8,US,quantile,0.1,2.8
2025-02-17,TB3MS,2025-10-31,8,US,quantile,0.5,4.23
2025-02-17,TB3MS,2025-10-31,8,US,quantile,0.9,5.43
2025-02-17,TB3MS,2025-10-31,8,US,quantile,0.95,5.9
2025-02-17,TB3MS,2025-10-31,8,US,mean,,4.21
2025-02-17,TB3MS,2025-11-30,9,US,quantile,0.05,2.16
2025-02-17,TB3MS,2025-11-30,9,US,quantile,0.1,2.68
2025-02-17,TB3MS,2025-11-30,9,US,quantile,0.5,4.23
2025-02-17,TB3MS,2025-11-30,9,US,quantile,0.9,5.56
2025-02-17,TB3MS,2025-11-30,9,US,quantile,0.95,6.03
2025-02-17,TB3MS,2025-11-30,9,US,mean,,4.21
2025-02-17,TB3MS,2025-12-31,10,US,quantile,0.05,2.02
2025-02-17,TB3MS,2025-12-31,10,US,quantile,0.1,2.54
2025-02-17,TB3MS,2025-12-31,10,US,quantile,0.5,4.23
2025-02-17,TB3MS,2025-12-31,10,US,quantile,0.9,5.71
2025-02-17,TB3MS,2025-12-31,10,US,quantile,0.95,6.16
2025-02-17,TB3MS,2025-12-31,10,US,mean,,4.21
2025-02-17,TB3MS,2026-01-31,11,US,quantile,0.05,1.82
2025-02-17,TB3MS,2026-01-31,11,US,quantile,0.1,2.53
2025-02-17,TB3MS,2026-01-31,11,US,quantile,0.5,4.23
2025-02-17,TB3MS,2026-01-31,11,US,quantile,0.9,5.78
2025-02-17,TB3MS,2026-01-31,11,US,quantile,0.95,6.39
2025-02-17,TB3MS,2026-01-31,11,US,mean,,4.21
2025-02-17,TB3MS,2026-02-28,12,US,quantile,0.05,1.75
2025-02-17,TB3MS,2026-02-28,12,US,quantile,0.1,2.42
2025-02-17,TB3MS,2026-02-28,12,US,quantile,0.5,4.23
2025-02-17,TB3MS,2026-02-28,12,US,quantile,0.9,5.91
2025-02-17,TB3MS,2026-02-28,12,US,quantile,0.95,6.57
2025-02-17,TB3MS,2026-02-28,12,US,mean,,4.21
2025-02-17,TB3MS,2026-03-31,13,US,quantile,0.05,1.75
2025-02-17,TB3MS,2026-03-31,13,US,quantile,0.1,2.37
2025-02-17,TB3MS,2026-03-31,13,US,quantile,0.5,4.24
2025-02-17,TB3MS,2026-03-31,13,US,quantile,0.9,6.02
2025-02-17,TB3MS,2026-03-31,13,US,quantile,0.95,6.73
2025-02-17,TB3MS,2026-03-31,13,US,mean,,4.21
2025-02-17,TB3MS,2026-04-30,14,US,quantile,0.05,1.57
2025-02-17,TB3MS,2026-04-30,14,US,quantile,0.1,2.26
2025-02-17,TB3MS,2026-04-30,14,US,quantile,0.5,4.23
2025-02-17,TB3MS,2026-04-30,14,US,quantile,0.9,6.06
2025-02-17,TB3MS,2026-04-30,14,US,quantile,0.95,6.92
2025-02-17,TB3MS,2026-04-30,14,US,mean,,4.21
2025-02-17,TB3MS,2026-05-31,15,US,quantile,0.05,1.51
2025-02-17,TB3MS,2026-05-31,15,US,quantile,0.1,2.12
2025-02-17,TB3MS,2026-05-31,15,US,quantile,0.5,4.25
2025-02-17,TB3MS,2026-05-31,15,US,quantile,0.9,6.12
2025-02-17,TB3MS,2026-05-31,15,US,quantile,0.95,7.05
2025-02-17,TB3MS,2026-05-31,15,US,mean,,4.21
2025-02-17,TB3MS,2026-06-30,16,US,quantile,0.05,1.42
2025-02-17,TB3MS,2026-06-30,16,US,quantile,0.1,2.04
2025-02-17,TB3MS,2026-06-30,16,US,quantile,0.5,4.25
2025-02-17,TB3MS,2026-06-30,16,US,quantile,0.9,6.23
2025-02-17,TB3MS,2026-06-30,16,US,quantile,0.95,7.16
2025-02-17,TB3MS,2026-06-30,16,US,mean,,4.21
2025-02-17,TB3MS,2026-07-31,17,US,quantile,0.05,1.09
2025-02-17,TB3MS,2026-07-31,17,US,quantile,0.1,1.94
2025-02-17,TB3MS,2026-07-31,17,US,quantile,0.5,4.25
2025-02-17,TB3MS,2026-07-31,17,US,quantile,0.9,6.33
2025-02-17,TB3MS,2026-07-31,17,US,quantile,0.95,7.33
2025-02-17,TB3MS,2026-07-31,17,US,mean,,4.21
2025-02-17,TB3MS,2026-08-31,18,US,quantile,0.05,1.02
2025-02-17,TB3MS,2026-08-31,18,US,quantile,0.1,1.92
2025-02-17,TB3MS,2026-08-31,18,US,quantile,0.5,4.25
2025-02-17,TB3MS,2026-08-31,18,US,quantile,0.9,6.5
2025-02-17,TB3MS,2026-08-31,18,US,quantile,0.95,7.41
2025-02-17,TB3MS,2026-08-31,18,US,mean,,4.21
2025-02-17,TB3MS,2026-09-30,19,US,quantile,0.05,0.96
2025-02-17,TB3MS,2026-09-30,19,US,quantile,0.1,1.88
2025-02-17,TB3MS,2026-09-30,19,US,quantile,0.5,4.25
2025-02-17,TB3MS,2026-09-30,19,US,quantile,0.9,6.57
2025-02-17,TB3MS,2026-09-30,19,US,quantile,0.95,7.65
2025-02-17,TB3MS,2026-09-30,19,US,mean,,4.21
2025-02-17,TB3MS,2026-10-31,20,US,quantile,0.05,0.74
2025-02-17,TB3MS,2026-10-31,20,US,quantile,0.1,1.78
2025-02-17,TB3MS,2026-10-31,20,US,quantile,0.5,4.25
2025-02-17,TB3MS,2026-10-31,20,US,quantile,0.9,6.65
2025-02-17,TB3MS,2026-10-31,20,US,quantile,0.95,7.72
2025-02-17,TB3MS,2026-10-31,20,US,mean,,4.21
2025-02-17,TB3MS,2026-11-30,21,US,quantile,0.05,0.56
2025-02-17,TB3MS,2026-11-30,21,US,quantile,0.1,1.68
2025-02-17,TB3MS,2026-11-30,21,US,quantile,0.5,4.26
2025-02-17,TB3MS,2026-11-30,21,US,quantile,0.9,6.69
2025-02-17,TB3MS,2026-11-30,21,US,quantile,0.95,7.89
2025-02-17,TB3MS,2026-11-30,21,US,mean,,4.21
2025-02-17,TB3MS,2026-12-31,22,US,quantile,0.05,0.53
2025-02-17,TB3MS,2026-12-31,22,US,quantile,0.1,1.63
2025-02-17,TB3MS,2026-12-31,22,US,quantile,0.5,4.26
2025-02-17,TB3MS,2026-12-31,22,US,quantile,0.9,6.73
2025-02-17,TB3MS,2026-12-31,22,US,quantile,0.95,7.99
2025-02-17,TB3MS,2026-12-31,22,US,mean,,4.21
2025-02-17,TB3MS,2027-01-31,23,US,quantile,0.05,0.48
2025-02-17,TB3MS,2027-01-31,23,US,quantile,0.1,1.6
2025-02-17,TB3MS,2027-01-31,23,US,quantile,0.5,4.26
2025-02-17,TB3MS,2027-01-31,23,US,quantile,0.9,6.76
2025-02-17,TB3MS,2027-01-31,23,US,quantile,0.95,8.1
2025-02-17,TB3MS,2027-01-31,23,US,mean,,4.21
2025-02-17,HOUST,2025-02-28,0,US,quantile,0.05,1168.75
2025-02-17,HOUST,2025-02-28,0,US,quantile,0.1,1214.1
2025-02-17,HOUST,2025-02-28,0,US,quantile,0.5,1360.0
2025-02-17,HOUST,2025-02-28,0,US,quantile,0.9,1490.0
2025-02-17,HOUST,2025-02-28,0,US,quantile,0.95,1538.0
2025-02-17,HOUST,2025-02-28,0,US,mean,,1358.0
2025-02-17,HOUST,2025-03-31,1,US,quantile,0.05,1168.75
2025-02-17,HOUST,2025-03-31,1,US,quantile,0.1,1214.1
2025-02-17,HOUST,2025-03-31,1,US,quantile,0.5,1360.0
2025-02-17,HOUST,2025-03-31,1,US,quantile,0.9,1490.0
2025-02-17,HOUST,2025-03-31,1,US,quantile,0.95,1538.0
2025-02-17,HOUST,2025-03-31,1,US,mean,,1358.0
2025-02-17,HOUST,2025-04-30,2,US,quantile,0.05,1145.0
2025-02-17,HOUST,2025-04-30,2,US,quantile,0.1,1200.0
2025-02-17,HOUST,2025-04-30,2,US,quantile,0.5,1363.0
2025-02-17,HOUST,2025-04-30,2,US,quantile,0.9,1505.0
2025-02-17,HOUST,2025-04-30,2,US,quantile,0.95,1573.0
2025-02-17,HOUST,2025-04-30,2,US,mean,,1358.0
2025-02-17,HOUST,2025-05-31,3,US,quantile,0.05,1096.45
2025-02-17,HOUST,2025-05-31,3,US,quantile,0.1,1178.0
2025-02-17,HOUST,2025-05-31,3,US,quantile,0.5,1365.5
2025-02-17,HOUST,2025-05-31,3,US,quantile,0.9,1535.1
2025-02-17,HOUST,2025-05-31,3,US,quantile,0.95,1585.55
2025-02-17,HOUST,2025-05-31,3,US,mean,,1358.0
2025-02-17,HOUST,2025-06-30,4,US,quantile,0.05,1071.0
2025-02-17,HOUST,2025-06-30,4,US,quantile,0.1,1142.2
2025-02-17,HOUST,2025-06-30,4,US,quantile,0.5,1366.0
2025-02-17,HOUST,2025-06-30,4,US,quantile,0.9,1548.2
2025-02-17,HOUST,2025-06-30,4,US,quantile,0.95,1608.8
2025-02-17,HOUST,2025-06-30,4,US,mean,,1358.0
2025-02-17,HOUST,2025-07-31,5,US,quantile,0.05,1024.7
2025-02-17,HOUST,2025-07-31,5,US,quantile,0.1,1125.7
2025-02-17,HOUST,2025-07-31,5,US,quantile,0.5,1367.0
2025-02-17,HOUST,2025-07-31,5,US,quantile,0.9,1576.3
2025-02-17,HOUST,2025-07-31,5,US,quantile,0.95,1637.0
2025-02-17,HOUST,2025-07-31,5,US,mean,,1358.0
2025-02-17,HOUST,2025-08-31,6,US,quantile,0.05,1001.2
2025-02-17,HOUST,2025-08-31,6,US,quantile,0.1,1108.2
2025-02-17,HOUST,2025-08-31,6,US,quantile,0.5,1372.0
2025-02-17,HOUST,2025-08-31,6,US,quantile,0.9,1595.2
2025-02-17,HOUST,2025-08-31,6,US,quantile,0.95,1672.5
2025-02-17,HOUST,2025-08-31,6,US,mean,,1358.0
2025-02-17,HOUST,2025-09-30,7,US,quantile,0.05,965.5
2025-02-17,HOUST,2025-09-30,7,US,quantile,0.1,1073.0
2025-02-17,HOUST,2025-09-30,7,US,quantile,0.5,1374.0
2025-02-17,HOUST,2025-09-30,7,US,quantile,0.9,1612.5
2025-02-17,HOUST,2025-09-30,7,US,quantile,0.95,1697.5
2025-02-17,HOUST,2025-09-30,7,US,mean,,1358.0
2025-02-17,HOUST,2025-10-31,8,US,quantile,0.05,919.2
2025-02-17,HOUST,2025-10-31,8,US,quantile,0.1,1054.6
2025-02-17,HOUST,2025-10-31,8,US,quantile,0.5,1378.0
2025-02-17,HOUST,2025-10-31,8,US,quantile,0.9,1617.2
2025-02-17,HOUST,2025-10-31,8,US,quantile,0.95,1734.8
2025-02-17,HOUST,2025-10-31,8,US,mean,,1358.0
2025-02-17,HOUST,2025-11-30,9,US,quantile,0.05,896.45
2025-02-17,HOUST,2025-11-30,9,US,quantile,0.1,1022.6
2025-02-17,HOUST,2025-11-30,9,US,quantile,0.5,1372.5
2025-02-17,HOUST,2025-11-30,9,US,quantile,0.9,1624.8
2025-02-17,HOUST,2025-11-30,9,US,quantile,0.95,1778.4
2025-02-17,HOUST,2025-11-30,9,US,mean,,1358.0
2025-02-17,HOUST,2025-12-31,10,US,quantile,0.05,890.0
2025-02-17,HOUST,2025-12-31,10,US,quantile,0.1,980.2
2025-02-17,HOUST,2025-12-31,10,US,quantile,0.5,1381.0
2025-02-17,HOUST,2025-12-31,10,US,quantile,0.9,1657.8
2025-02-17,HOUST,2025-12-31,10,US,quantile,0.95,1769.7
2025-02-17,HOUST,2025-12-31,10,US,mean,,1358.0
2025-02-17,HOUST,2026-01-31,11,US,quantile,0.05,846.15
2025-02-17,HOUST,2026-01-31,11,US,quantile,0.1,971.2
2025-02-17,HOUST,2026-01-31,11,US,quantile,0.5,1382.0
2025-02-17,HOUST,2026-01-31,11,US,quantile,0.9,1655.8
2025-02-17,HOUST,2026-01-31,11,US,quantile,0.95,1813.55
2025-02-17,HOUST,2026-01-31,11,US,mean,,1358.0
2025-02-17,HOUST,2026-02-28,12,US,quantile,0.05,813.0
2025-02-17,HOUST,2026-02-28,12,US,quantile,0.1,958.0
2025-02-17,HOUST,2026-02-28,12,US,quantile,0.5,1379.0
2025-02-17,HOUST,2026-02-28,12,US,quantile,0.9,1696.0
2025-02-17,HOUST,2026-02-28,12,US,quantile,0.95,1811.0
2025-02-17,HOUST,2026-02-28,12,US,mean,,1358.0
2025-02-17,HOUST,2026-03-31,13,US,quantile,0.05,799.8
2025-02-17,HOUST,2026-03-31,13,US,quantile,0.1,951.9
2025-02-17,HOUST,2026-03-31,13,US,quantile,0.5,1385.0
2025-02-17,HOUST,2026-03-31,13,US,quantile,0.9,1681.0
2025-02-17,HOUST,2026-03-31,13,US,quantile,0.95,1859.25
2025-02-17,HOUST,2026-03-31,13,US,mean,,1358.0
2025-02-17,HOUST,2026-04-30,14,US,quantile,0.05,776.8
2025-02-17,HOUST,2026-04-30,14,US,quantile,0.1,916.4
2025-02-17,HOUST,2026-04-30,14,US,quantile,0.5,1375.0
2025-02-17,HOUST,2026-04-30,14,US,quantile,0.9,1712.0
2025-02-17,HOUST,2026-04-30,14,US,quantile,0.95,1864.2
2025-02-17,HOUST,2026-04-30,14,US,mean,,1358.0
2025-02-17,HOUST,2026-05-31,15,US,quantile,0.05,751.1
2025-02-17,HOUST,2026-05-31,15,US,quantile,0.1,914.8
2025-02-17,HOUST,2026-05-31,15,US,quantile,0.5,1383.5
2025-02-17,HOUST,2026-05-31,15,US,quantile,0.9,1712.8
2025-02-17,HOUST,2026-05-31,15,US,quantile,0.95,1884.8
2025-02-17,HOUST,2026-05-31,15,US,mean,,1358.0
2025-02-17,HOUST,2026-06-30,16,US,quantile,0.05,740.4
2025-02-17,HOUST,2026-06-30,16,US,quantile,0.1,922.6
2025-02-17,HOUST,2026-06-30,16,US,quantile,0.5,1382.0
2025-02-17,HOUST,2026-06-30,16,US,quantile,0.9,1718.0
2025-02-17,HOUST,2026-06-30,16,US,quantile,0.95,1920.4
2025-02-17,HOUST,2026-06-30,16,US,mean,,1358.0
2025-02-17,HOUST,2026-07-31,17,US,quantile,0.05,720.0
2025-02-17,HOUST,2026-07-31,17,US,quantile,0.1,900.0
2025-02-17,HOUST,2026-07-31,17,US,quantile,0.5,1385.0
2025-02-17,HOUST,2026-07-31,17,US,quantile,0.9,1745.0
2025-02-17,HOUST,2026-07-31,17,US,quantile,0.95,1912.5
2025-02-17,HOUST,2026-07-31,17,US,mean,,1358.0
2025-02-17,HOUST,2026-08-31,18,US,quantile,0.05,709.9
2025-02-17,HOUST,2026-08-31,18,US,quantile,0.1,875.4
2025-02-17,HOUST,2026-08-31,18,US,quantile,0.5,1387.0
2025-02-17,HOUST,2026-08-31,18,US,quantile,0.9,1748.6
2025-02-17,HOUST,2026-08-31,18,US,quantile,0.95,1964.8
2025-02-17,HOUST,2026-08-31,18,US,mean,,1358.0
2025-02-17,HOUST,2026-09-30,19,US,quantile,0.05,677.3
2025-02-17,HOUST,2026-09-30,19,US,quantile,0.1,861.2
2025-02-17,HOUST,2026-09-30,19,US,quantile,0.5,1396.0
2025-02-17,HOUST,2026-09-30,19,US,quantile,0.9,1787.0
2025-02-17,HOUST,2026-09-30,19,US,quantile,0.95,1988.8
2025-02-17,HOUST,2026-09-30,19,US,mean,,1358.0
2025-02-17,HOUST,2026-10-31,20,US,quantile,0.05,640.4
2025-02-17,HOUST,2026-10-31,20,US,quantile,0.1,852.8
2025-02-17,HOUST,2026-10-31,20,US,quantile,0.5,1393.0
2025-02-17,HOUST,2026-10-31,20,US,quantile,0.9,1798.6
2025-02-17,HOUST,2026-10-31,20,US,quantile,0.95,2005.4
2025-02-17,HOUST,2026-10-31,20,US,mean,,1358.0
2025-02-17,HOUST,2026-11-30,21,US,quantile,0.05,627.05
2025-02-17,HOUST,2026-11-30,21,US,quantile,0.1,825.6
2025-02-17,HOUST,2026-11-30,21,US,quantile,0.5,1391.0
2025-02-17,HOUST,2026-11-30,21,US,quantile,0.9,1788.2
2025-02-17,HOUST,2026-11-30,21,US,quantile,0.95,2040.25
2025-02-17,HOUST,2026-11-30,21,US,mean,,1358.0
2025-02-17,HOUST,2026-12-31,22,US,quantile,0.05,597.5
2025-02-17,HOUST,2026-12-31,22,US,quantile,0.1,824.0
2025-02-17,HOUST,2026-12-31,22,US,quantile,0.5,1397.0
2025-02-17,HOUST,2026-12-31,22,US,quantile,0.9,1797.0
2025-02-17,HOUST,2026-12-31,22,US,quantile,0.95,2033.5
2025-02-17,HOUST,2026-12-31,22,US,mean,,1358.0
2025-02-17,HOUST,2027-01-31,23,US,quantile,0.05,560.45
2025-02-17,HOUST,2027-01-31,23,US,quantile,0.1,813.8
2025-02-17,HOUST,2027-01-31,23,US,quantile,0.5,1393.5
2025-02-17,HOUST,2027-01-31,23,US,quantile,0.9,1807.7
2025-02-17,HOUST,2027-01-31,23,US,quantile,0.95,2075.4
2025-02-17,HOUST,2027-01-31,23,US,mean,,1358.0
2025-02-17,M2SL,2025-02-28,0,US,quantile,0.05,21546.36
2025-02-17,M2SL,2025-02-28,0,US,quantile,0.1,21548.8
2025-02-17,M2SL,2025-02-28,0,US,quantile,0.5,21559.45
2025-02-17,M2SL,2025-02-28,0,US,quantile,0.9,21613.43
2025-02-17,M2SL,2025-02-28,0,US,quantile,0.95,21634.59
2025-02-17,M2SL,2025-02-28,0,US,mean,,21547.6
2025-02-17,M2SL,2025-03-31,1,US,quantile,0.05,21546.36
2025-02-17,M2SL,2025-03-31,1,US,quantile,0.1,21548.8
2025-02-17,M2SL,2025-03-31,1,US,quantile,0.5,21559.45
2025-02-17,M2SL,2025-03-31,1,US,quantile,0.9,21613.43
2025-02-17,M2SL,2025-03-31,1,US,quantile,0.95,21634.59
2025-02-17,M2SL,2025-03-31,1,US,mean,,21547.6
2025-02-17,M2SL,2025-04-30,2,US,quantile,0.05,21548.1
2025-02-17,M2SL,2025-04-30,2,US,quantile,0.1,21550.9
2025-02-17,M2SL,2025-04-30,2,US,quantile,0.5,21572.5
2025-02-17,M2SL,2025-04-30,2,US,quantile,0.9,21673.5
2025-02-17,M2SL,2025-04-30,2,US,quantile,0.95,21721.15
2025-02-17,M2SL,2025-04-30,2,US,mean,,21547.6
2025-02-17,M2SL,2025-05-31,3,US,quantile,0.05,21548.99
2025-02-17,M2SL,2025-05-31,3,US,quantile,0.1,21552.99
2025-02-17,M2SL,2025-05-31,3,US,quantile,0.5,21584.8
2025-02-17,M2SL,2025-05-31,3,US,quantile,0.9,21741.82
2025-02-17,M2SL,2025-05-31,3,US,quantile,0.95,21815.71
2025-02-17,M2SL,2025-05-31,3,US,mean,,21547.6
2025-02-17,M2SL,2025-06-30,4,US,quantile,0.05,21550.38
2025-02-17,M2SL,2025-06-30,4,US,quantile,0.1,21554.9
2025-02-17,M2SL,2025-06-30,4,US,quantile,0.5,21597.9
2025-02-17,M2SL,2025-06-30,4,US,quantile,0.9,21797.36
2025-02-17,M2SL,2025-06-30,4,US,quantile,0.95,21898.7
2025-02-17,M2SL,2025-06-30,4,US,mean,,21547.6
2025-02-17,M2SL,2025-07-31,5,US,quantile,0.05,21551.83
2025-02-17,M2SL,2025-07-31,5,US,quantile,0.1,21556.87
2025-02-17,M2SL,2025-07-31,5,US,quantile,0.5,21611.0
2025-02-17,M2SL,2025-07-31,5,US,quantile,0.9,21861.89
2025-02-17,M2SL,2025-07-31,5,US,quantile,0.95,21978.18
2025-02-17,M2SL,2025-07-31,5,US,mean,,21547.6
2025-02-17,M2SL,2025-08-31,6,US,quantile,0.05,21553.73
2025-02-17,M2SL,2025-08-31,6,US,quantile,0.1,21558.86
2025-02-17,M2SL,2025-08-31,6,US,quantile,0.5,21623.2
2025-02-17,M2SL,2025-08-31,6,US,quantile,0.9,21920.92
2025-02-17,M2SL,2025-08-31,6,US,quantile,0.95,22044.62
2025-02-17,M2SL,2025-08-31,6,US,mean,,21547.6
2025-02-17,M2SL,2025-09-30,7,US,quantile,0.05,21556.38
2025-02-17,M2SL,2025-09-30,7,US,quantile,0.1,21561.05
2025-02-17,M2SL,2025-09-30,7,US,quantile,0.5,21637.8
2025-02-17,M2SL,2025-09-30,7,US,quantile,0.9,21984.45
2025-02-17,M2SL,2025-09-30,7,US,quantile,0.95,22114.4
2025-02-17,M2SL,2025-09-30,7,US,mean,,21547.6
2025-02-17,M2SL,2025-10-31,8,US,quantile,0.05,21558.52
2025-02-17,M2SL,2025-10-31,8,US,quantile,0.1,21564.42
2025-02-17,M2SL,2025-10-31,8,US,quantile,0.5,21653.1
2025-02-17,M2SL,2025-10-31,8,US,quantile,0.9,22035.36
2025-02-17,M2SL,2025-10-31,8,US,quantile,0.95,22175.62
2025-02-17,M2SL,2025-10-31,8,US,mean,,21547.6
2025-02-17,M2SL,2025-11-30,9,US,quantile,0.05,21559.31
2025-02-17,M2SL,2025-11-30,9,US,quantile,0.1,21566.52
2025-02-17,M2SL,2025-11-30,9,US,quantile,0.5,21668.25
2025-02-17,M2SL,2025-11-30,9,US,quantile,0.9,22089.62
2025-02-17,M2SL,2025-11-30,9,US,quantile,0.95,22238.96
2025-02-17,M2SL,2025-11-30,9,US,mean,,21547.6
2025-02-17,M2SL,2025-12-31,10,US,quantile,0.05,21560.79
2025-02-17,M2SL,2025-12-31,10,US,quantile,0.1,21568.92
2025-02-17,M2SL,2025-12-31,10,US,quantile,0.5,21681.4
2025-02-17,M2SL,2025-12-31,10,US,quantile,0.9,22148.16
2025-02-17,M2SL,2025-12-31,10,US,quantile,0.95,22310.19
2025-02-17,M2SL,2025-12-31,10,US,mean,,21547.6
2025-02-17,M2SL,2026-01-31,11,US,quantile,0.05,21560.75
2025-02-17,M2SL,2026-01-31,11,US,quantile,0.1,21570.94
2025-02-17,M2SL,2026-01-31,11,US,quantile,0.5,21694.4
2025-02-17,M2SL,2026-01-31,11,US,quantile,0.9,22207.28
2025-02-17,M2SL,2026-01-31,11,US,quantile,0.95,22363.27
2025-02-17,M2SL,2026-01-31,11,US,mean,,21547.6
2025-02-17,M2SL,2026-02-28,12,US,quantile,0.05,21564.7
2025-02-17,M2SL,2026-02-28,12,US,quantile,0.1,21574.0
2025-02-17,M2SL,2026-02-28,12,US,quantile,0.5,21708.6
2025-02-17,M2SL,2026-02-28,12,US,quantile,0.9,22260.9
2025-02-17,M2SL,2026-02-28,12,US,quantile,0.95,22428.6
2025-02-17,M2SL,2026-02-28,12,US,mean,,21547.6
2025-02-17,M2SL,2026-03-31,13,US,quantile,0.05,21565.88
2025-02-17,M2SL,2026-03-31,13,US,quantile,0.1,21577.29
2025-02-17,M2SL,2026-03-31,13,US,quantile,0.5,21719.75
2025-02-17,M2SL,2026-03-31,13,US,quantile,0.9,22317.41
2025-02-17,M2SL,2026-03-31,13,US,quantile,0.95,22486.3
2025-02-17,M2SL,2026-03-31,13,US,mean,,21547.6
2025-02-17,M2SL,2026-04-30,14,US,quantile,0.05,21570.17
2025-02-17,M2SL,2026-04-30,14,US,quantile,0.1,21580.08
2025-02-17,M2SL,2026-04-30,14,US,quantile,0.5,21732.8
2025-02-17,M2SL,2026-04-30,14,US,quantile,0.9,22383.0
2025-02-17,M2SL,2026-04-30,14,US,quantile,0.95,22546.92
2025-02-17,M2SL,2026-04-30,14,US,mean,,21547.6
2025-02-17,M2SL,2026-05-31,15,US,quantile,0.05,21572.49
2025-02-17,M2SL,2026-05-31,15,US,quantile,0.1,21583.04
2025-02-17,M2SL,2026-05-31,15,US,quantile,0.5,21747.8
2025-02-17,M2SL,2026-05-31,15,US,quantile,0.9,22439.08
2025-02-17,M2SL,2026-05-31,15,US,quantile,0.95,22606.81
2025-02-17,M2SL,2026-05-31,15,US,mean,,21547.6
2025-02-17,M2SL,2026-06-30,16,US,quantile,0.05,21575.98
2025-02-17,M2SL,2026-06-30,16,US,quantile,0.1,21585.7
2025-02-17,M2SL,2026-06-30,16,US,quantile,0.5,21758.9
2025-02-17,M2SL,2026-06-30,16,US,quantile,0.9,22490.74
2025-02-17,M2SL,2026-06-30,16,US,quantile,0.95,22669.3
2025-02-17,M2SL,2026-06-30,16,US,mean,,21547.6
2025-02-17,M2SL,2026-07-31,17,US,quantile,0.05,21577.67
2025-02-17,M2SL,2026-07-31,17,US,quantile,0.1,21588.1
2025-02-17,M2SL,2026-07-31,17,US,quantile,0.5,21772.0
2025-02-17,M2SL,2026-07-31,17,US,quantile,0.9,22545.0
2025-02-17,M2SL,2026-07-31,17,US,quantile,0.95,22732.42
2025-02-17,M2SL,2026-07-31,17,US,mean,,21547.6
2025-02-17,M2SL,2026-08-31,18,US,quantile,0.05,21580.45
2025-02-17,M2SL,2026-08-31,18,US,quantile,0.1,21590.7
2025-02-17,M2SL,2026-08-31,18,US,quantile,0.5,21783.2
2025-02-17,M2SL,2026-08-31,18,US,quantile,0.9,22601.56
2025-02-17,M2SL,2026-08-31,18,US,quantile,0.95,22801.85
2025-02-17,M2SL,2026-08-31,18,US,mean,,21547.6
2025-02-17,M2SL,2026-09-30,19,US,quantile,0.05,21582.66
2025-02-17,M2SL,2026-09-30,19,US,quantile,0.1,21593.5
2025-02-17,M2SL,2026-09-30,19,US,quantile,0.5,21798.1
2025-02-17,M2SL,2026-09-30,19,US,quantile,0.9,22663.87
2025-02-17,M2SL,2026-09-30,19,US,quantile,0.95,22870.28
2025-02-17,M2SL,2026-09-30,19,US,mean,,21547.6
2025-02-17,M2SL,2026-10-31,20,US,quantile,0.05,21585.62
2025-02-17,M2SL,2026-10-31,20,US,quantile,0.1,21595.82
2025-02-17,M2SL,2026-10-31,20,US,quantile,0.5,21811.8
2025-02-17,M2SL,2026-10-31,20,US,quantile,0.9,22723.94
2025-02-17,M2SL,2026-10-31,20,US,quantile,0.95,22931.22
2025-02-17,M2SL,2026-10-31,20,US,mean,,21547.6
2025-02-17,M2SL,2026-11-30,21,US,quantile,0.05,21589.06
2025-02-17,M2SL,2026-11-30,21,US,quantile,0.1,21598.41
2025-02-17,M2SL,2026-11-30,21,US,quantile,0.5,21828.65
2025-02-17,M2SL,2026-11-30,21,US,quantile,0.9,22776.01
2025-02-17,M2SL,2026-11-30,21,US,quantile,0.95,22989.35
2025-02-17,M2SL,2026-11-30,21,US,mean,,21547.6
2025-02-17,M2SL,2026-12-31,22,US,quantile,0.05,21591.3
2025-02-17,M2SL,2026-12-31,22,US,quantile,0.1,21601.1
2025-02-17,M2SL,2026-12-31,22,US,quantile,0.5,21846.1
2025-02-17,M2SL,2026-12-31,22,US,quantile,0.9,22836.7
2025-02-17,M2SL,2026-12-31,22,US,quantile,0.95,23043.05
2025-02-17,M2SL,2026-12-31,22,US,mean,,21547.6
2025-02-17,M2SL,2027-01-31,23,US,quantile,0.05,21594.39
2025-02-17,M2SL,2027-01-31,23,US,quantile,0.1,21603.9
2025-02-17,M2SL,2027-01-31,23,US,quantile,0.5,21861.05
2025-02-17,M2SL,2027-01-31,23,US,quantile,0.9,22891.19
2025-02-17,M2SL,2027-01-31,23,US,quantile,0.95,23094.95
2025-02-17,M2SL,2027-01-31,23,US,mean,,21547.6
2025-02-17,DPCERA3M086SBEA,2025-02-28,0,US,quantile,0.05,122.51
2025-02-17,DPCERA3M086SBEA,2025-02-28,0,US,quantile,0.1,122.62
2025-02-17,DPCERA3M086SBEA,2025-02-28,0,US,quantile,0.5,122.89
2025-02-17,DPCERA3M086SBEA,2025-02-28,0,US,quantile,0.9,123.19
2025-02-17,DPCERA3M086SBEA,2025-02-28,0,US,quantile,0.95,123.33
2025-02-17,DPCERA3M086SBEA,2025-02-28,0,US,mean,,122.77
2025-02-17,DPCERA3M086SBEA,2025-03-31,1,US,quantile,0.05,122.51
2025-02-17,DPCERA3M086SBEA,2025-03-31,1,US,quantile,0.1,122.62
2025-02-17,DPCERA3M086SBEA,2025-03-31,1,US,quantile,0.5,122.89
2025-02-17,DPCERA3M086SBEA,2025-03-31,1,US,quantile,0.9,123.19
2025-02-17,DPCERA3M086SBEA,2025-03-31,1,US,quantile,0.95,123.33
2025-02-17,DPCERA3M086SBEA,2025-03-31,1,US,mean,,122.77
2025-02-17,DPCERA3M086SBEA,2025-04-30,2,US,quantile,0.05,122.52
2025-02-17,DPCERA3M086SBEA,2025-04-30,2,US,quantile,0.1,122.68
2025-02-17,DPCERA3M086SBEA,2025-04-30,2,US,quantile,0.5,123.02
2025-02-17,DPCERA3M086SBEA,2025-04-30,2,US,quantile,0.9,123.45
2025-02-17,DPCERA3M086SBEA,2025-04-30,2,US,quantile,0.95,123.62
2025-02-17,DPCERA3M086SBEA,2025-04-30,2,US,mean,,122.77
2025-02-17,DPCERA3M086SBEA,2025-05-31,3,US,quantile,0.05,122.56
2025-02-17,DPCERA3M086SBEA,2025-05-31,3,US,quantile,0.1,122.74
2025-02-17,DPCERA3M086SBEA,2025-05-31,3,US,quantile,0.5,123.15
2025-02-17,DPCERA3M086SBEA,2025-05-31,3,US,quantile,0.9,123.69
2025-02-17,DPCERA3M086SBEA,2025-05-31,3,US,quantile,0.95,123.92
2025-02-17,DPCERA3M086SBEA,2025-05-31,3,US,mean,,122.77
2025-02-17,DPCERA3M086SBEA,2025-06-30,4,US,quantile,0.05,122.58
2025-02-17,DPCERA3M086SBEA,2025-06-30,4,US,quantile,0.1,122.79
2025-02-17,DPCERA3M086SBEA,2025-06-30,4,US,quantile,0.5,123.28
2025-02-17,DPCERA3M086SBEA,2025-06-30,4,US,quantile,0.9,123.92
2025-02-17,DPCERA3M086SBEA,2025-06-30,4,US,quantile,0.95,124.15
2025-02-17,DPCERA3M086SBEA,2025-06-30,4,US,mean,,122.77
2025-02-17,DPCERA3M086SBEA,2025-07-31,5,US,quantile,0.05,122.64
2025-02-17,DPCERA3M086SBEA,2025-07-31,5,US,quantile,0.1,122.84
2025-02-17,DPCERA3M086SBEA,2025-07-31,5,US,quantile,0.5,123.41
2025-02-17,DPCERA3M086SBEA,2025-07-31,5,US,quantile,0.9,124.15
2025-02-17,DPCERA3M086SBEA,2025-07-31,5,US,quantile,0.95,124.42
2025-02-17,DPCERA3M086SBEA,2025-07-31,5,US,mean,,122.77
2025-02-17,DPCERA3M086SBEA,2025-08-31,6,US,quantile,0.05,122.65
2025-02-17,DPCERA3M086SBEA,2025-08-31,6,US,quantile,0.1,122.87
2025-02-17,DPCERA3M086SBEA,2025-08-31,6,US,quantile,0.5,123.56
2025-02-17,DPCERA3M086SBEA,2025-08-31,6,US,quantile,0.9,124.4
2025-02-17,DPCERA3M086SBEA,2025-08-31,6,US,quantile,0.95,124.7
2025-02-17,DPCERA3M086SBEA,2025-08-31,6,US,mean,,122.77
2025-02-17,DPCERA3M086SBEA,2025-09-30,7,US,quantile,0.05,122.6
2025-02-17,DPCERA3M086SBEA,2025-09-30,7,US,quantile,0.1,122.94
2025-02-17,DPCERA3M086SBEA,2025-09-30,7,US,quantile,0.5,123.68
2025-02-17,DPCERA3M086SBEA,2025-09-30,7,US,quantile,0.9,124.66
2025-02-17,DPCERA3M086SBEA,2025-09-30,7,US,quantile,0.95,124.94
2025-02-17,DPCERA3M086SBEA,2025-09-30,7,US,mean,,122.77
2025-02-17,DPCERA3M086SBEA,2025-10-31,8,US,quantile,0.05,122.53
2025-02-17,DPCERA3M086SBEA,2025-10-31,8,US,quantile,0.1,122.96
2025-02-17,DPCERA3M086SBEA,2025-10-31,8,US,quantile,0.5,123.81
2025-02-17,DPCERA3M086SBEA,2025-10-31,8,US,quantile,0.9,124.91
2025-02-17,DPCERA3M086SBEA,2025-10-31,8,US,quantile,0.95,125.23
2025-02-17,DPCERA3M086SBEA,2025-10-31,8,US,mean,,122.77
2025-02-17,DPCERA3M086SBEA,2025-11-30,9,US,quantile,0.05,122.54
2025-02-17,DPCERA3M086SBEA,2025-11-30,9,US,quantile,0.1,122.96
2025-02-17,DPCERA3M086SBEA,2025-11-30,9,US,quantile,0.5,123.93
2025-02-17,DPCERA3M086SBEA,2025-11-30,9,US,quantile,0.9,125.09
2025-02-17,DPCERA3M086SBEA,2025-11-30,9,US,quantile,0.95,125.43
2025-02-17,DPCERA3M086SBEA,2025-11-30,9,US,mean,,122.77
2025-02-17,DPCERA3M086SBEA,2025-12-31,10,US,quantile,0.05,122.51
2025-02-17,DPCERA3M086SBEA,2025-12-31,10,US,quantile,0.1,122.99
2025-02-17,DPCERA3M086SBEA,2025-12-31,10,US,quantile,0.5,124.06
2025-02-17,DPCERA3M086SBEA,2025-12-31,10,US,quantile,0.9,125.43
2025-02-17,DPCERA3M086SBEA,2025-12-31,10,US,quantile,0.95,125.67
2025-02-17,DPCERA3M086SBEA,2025-12-31,10,US,mean,,122.77
2025-02-17,DPCERA3M086SBEA,2026-01-31,11,US,quantile,0.05,122.56
2025-02-17,DPCERA3M086SBEA,2026-01-31,11,US,quantile,0.1,122.97
2025-02-17,DPCERA3M086SBEA,2026-01-31,11,US,quantile,0.5,124.19
2025-02-17,DPCERA3M086SBEA,2026-01-31,11,US,quantile,0.9,125.63
2025-02-17,DPCERA3M086SBEA,2026-01-31,11,US,quantile,0.95,125.93
2025-02-17,DPCERA3M086SBEA,2026-01-31,11,US,mean,,122.77
2025-02-17,DPCERA3M086SBEA,2026-02-28,12,US,quantile,0.05,122.57
2025-02-17,DPCERA3M086SBEA,2026-02-28,12,US,quantile,0.1,122.98
2025-02-17,DPCERA3M086SBEA,2026-02-28,12,US,quantile,0.5,124.33
2025-02-17,DPCERA3M086SBEA,2026-02-28,12,US,quantile,0.9,125.88
2025-02-17,DPCERA3M086SBEA,2026-02-28,12,US,quantile,0.95,126.23
2025-02-17,DPCERA3M086SBEA,2026-02-28,12,US,mean,,122.77
2025-02-17,DPCERA3M086SBEA,2026-03-31,13,US,quantile,0.05,122.57
2025-02-17,DPCERA3M086SBEA,2026-03-31,13,US,quantile,0.1,123.03
2025-02-17,DPCERA3M086SBEA,2026-03-31,13,US,quantile,0.5,124.43
2025-02-17,DPCERA3M086SBEA,2026-03-31,13,US,quantile,0.9,126.07
2025-02-17,DPCERA3M086SBEA,2026-03-31,13,US,quantile,0.95,126.45
2025-02-17,DPCERA3M086SBEA,2026-03-31,13,US,mean,,122.77
2025-02-17,DPCERA3M086SBEA,2026-04-30,14,US,quantile,0.05,122.64
2025-02-17,DPCERA3M086SBEA,2026-04-30,14,US,quantile,0.1,123.05
2025-02-17,DPCERA3M086SBEA,2026-04-30,14,US,quantile,0.5,124.57
2025-02-17,DPCERA3M086SBEA,2026-04-30,14,US,quantile,0.9,126.29
2025-02-17,DPCERA3M086SBEA,2026-04-30,14,US,quantile,0.95,126.71
2025-02-17,DPCERA3M086SBEA,2026-04-30,14,US,mean,,122.77
2025-02-17,DPCERA3M086SBEA,2026-05-31,15,US,quantile,0.05,122.66
2025-02-17,DPCERA3M086SBEA,2026-05-31,15,US,quantile,0.1,123.12
2025-02-17,DPCERA3M086SBEA,2026-05-31,15,US,quantile,0.5,124.73
2025-02-17,DPCERA3M086SBEA,2026-05-31,15,US,quantile,0.9,126.54
2025-02-17,DPCERA3M086SBEA,2026-05-31,15,US,quantile,0.95,126.95
2025-02-17,DPCERA3M086SBEA,2026-05-31,15,US,mean,,122.77
2025-02-17,DPCERA3M086SBEA,2026-06-30,16,US,quantile,0.05,122.7
2025-02-17,DPCERA3M086SBEA,2026-06-30,16,US,quantile,0.1,123.17
2025-02-17,DPCERA3M086SBEA,2026-06-30,16,US,quantile,0.5,124.88
2025-02-17,DPCERA3M086SBEA,2026-06-30,16,US,quantile,0.9,126.77
2025-02-17,DPCERA3M086SBEA,2026-06-30,16,US,quantile,0.95,127.17
2025-02-17,DPCERA3M086SBEA,2026-06-30,16,US,mean,,122.77
2025-02-17,DPCERA3M086SBEA,2026-07-31,17,US,quantile,0.05,122.73
2025-02-17,DPCERA3M086SBEA,2026-07-31,17,US,quantile,0.1,123.22
2025-02-17,DPCERA3M086SBEA,2026-07-31,17,US,quantile,0.5,124.99
2025-02-17,DPCERA3M086SBEA,2026-07-31,17,US,quantile,0.9,127.0
2025-02-17,DPCERA3M086SBEA,2026-07-31,17,US,quantile,0.95,127.52
2025-02-17,DPCERA3M086SBEA,2026-07-31,17,US,mean,,122.77
2025-02-17,DPCERA3M086SBEA,2026-08-31,18,US,quantile,0.05,122.82
2025-02-17,DPCERA3M086SBEA,2026-08-31,18,US,quantile,0.1,123.27
2025-02-17,DPCERA3M086SBEA,2026-08-31,18,US,quantile,0.5,125.12
2025-02-17,DPCERA3M086SBEA,2026-08-31,18,US,quantile,0.9,127.23
2025-02-17,DPCERA3M086SBEA,2026-08-31,18,US,quantile,0.95,127.72
2025-02-17,DPCERA3M086SBEA,2026-08-31,18,US,mean,,122.77
2025-02-17,DPCERA3M086SBEA,2026-09-30,19,US,quantile,0.05,122.89
2025-02-17,DPCERA3M086SBEA,2026-09-30,19,US,quantile,0.1,123.32
2025-02-17,DPCERA3M086SBEA,2026-09-30,19,US,quantile,0.5,125.24
2025-02-17,DPCERA3M086SBEA,2026-09-30,19,US,quantile,0.9,127.44
2025-02-17,DPCERA3M086SBEA,2026-09-30,19,US,quantile,0.95,128.06
2025-02-17,DPCERA3M086SBEA,2026-09-30,19,US,mean,,122.77
2025-02-17,DPCERA3M086SBEA,2026-10-31,20,US,quantile,0.05,122.84
2025-02-17,DPCERA3M086SBEA,2026-10-31,20,US,quantile,0.1,123.39
2025-02-17,DPCERA3M086SBEA,2026-10-31,20,US,quantile,0.5,125.38
2025-02-17,DPCERA3M086SBEA,2026-10-31,20,US,quantile,0.9,127.66
2025-02-17,DPCERA3M086SBEA,2026-10-31,20,US,quantile,0.95,128.24
2025-02-17,DPCERA3M086SBEA,2026-10-31,20,US,mean,,122.77
2025-02-17,DPCERA3M086SBEA,2026-11-30,21,US,quantile,0.05,122.89
2025-02-17,DPCERA3M086SBEA,2026-11-30,21,US,quantile,0.1,123.41
2025-02-17,DPCERA3M086SBEA,2026-11-30,21,US,quantile,0.5,125.51
2025-02-17,DPCERA3M086SBEA,2026-11-30,21,US,quantile,0.9,127.93
2025-02-17,DPCERA3M086SBEA,2026-11-30,21,US,quantile,0.95,128.51
2025-02-17,DPCERA3M086SBEA,2026-11-30,21,US,mean,,122.77
2025-02-17,DPCERA3M086SBEA,2026-12-31,22,US,quantile,0.05,122.96
2025-02-17,DPCERA3M086SBEA,2026-12-31,22,US,quantile,0.1,123.46
2025-02-17,DPCERA3M086SBEA,2026-12-31,22,US,quantile,0.5,125.61
2025-02-17,DPCERA3M086SBEA,2026-12-31,22,US,quantile,0.9,128.11
2025-02-17,DPCERA3M086SBEA,2026-12-31,22,US,quantile,0.95,128.79
2025-02-17,DPCERA3M086SBEA,2026-12-31,22,US,mean,,122.77
2025-02-17,DPCERA3M086SBEA,2027-01-31,23,US,quantile,0.05,123.01
2025-02-17,DPCERA3M086SBEA,2027-01-31,23,US,quantile,0.1,123.52
2025-02-17,DPCERA3M086SBEA,2027-01-31,23,US,quantile,0.5,125.75
2025-02-17,DPCERA3M086SBEA,2027-01-31,23,US,quantile,0.9,128.36
2025-02-17,DPCERA3M086SBEA,2027-01-31,23,US,quantile,0.95,129.04
2025-02-17,DPCERA3M086SBEA,2027-01-31,23,US,mean,,122.77
2025-02-17,RETAILx,2025-02-28,0,US,quantile,0.05,705975.25
2025-02-17,RETAILx,2025-02-28,0,US,quantile,0.1,708387.0
2025-02-17,RETAILx,2025-02-28,0,US,quantile,0.5,712598.5
2025-02-17,RETAILx,2025-02-28,0,US,quantile,0.9,716399.5
2025-02-17,RETAILx,2025-02-28,0,US,quantile,0.95,717871.0
2025-02-17,RETAILx,2025-02-28,0,US,mean,,711260.0
2025-02-17,RETAILx,2025-03-31,1,US,quantile,0.05,705975.25
2025-02-17,RETAILx,2025-03-31,1,US,quantile,0.1,708387.0
2025-02-17,RETAILx,2025-03-31,1,US,quantile,0.5,712598.5
2025-02-17,RETAILx,2025-03-31,1,US,quantile,0.9,716399.5
2025-02-17,RETAILx,2025-03-31,1,US,quantile,0.95,717871.0
2025-02-17,RETAILx,2025-03-31,1,US,mean,,711260.0
2025-02-17,RETAILx,2025-04-30,2,US,quantile,0.05,707045.1
2025-02-17,RETAILx,2025-04-30,2,US,quantile,0.1,708754.6
2025-02-17,RETAILx,2025-04-30,2,US,quantile,0.5,713898.0
2025-02-17,RETAILx,2025-04-30,2,US,quantile,0.9,719130.2
2025-02-17,RETAILx,2025-04-30,2,US,quantile,0.95,721814.5
2025-02-17,RETAILx,2025-04-30,2,US,mean,,711260.0
2025-02-17,RETAILx,2025-05-31,3,US,quantile,0.05,706579.25
2025-02-17,RETAILx,2025-05-31,3,US,quantile,0.1,709525.0
2025-02-17,RETAILx,2025-05-31,3,US,quantile,0.5,715020.5
2025-02-17,RETAILx,2025-05-31,3,US,quantile,0.9,721777.0
2025-02-17,RETAILx,2025-05-31,3,US,quantile,0.95,724515.35
2025-02-17,RETAILx,2025-05-31,3,US,mean,,711260.0
2025-02-17,RETAILx,2025-06-30,4,US,quantile,0.05,707120.0
2025-02-17,RETAILx,2025-06-30,4,US,quantile,0.1,710591.8
2025-02-17,RETAILx,2025-06-30,4,US,quantile,0.5,716104.0
2025-02-17,RETAILx,2025-06-30,4,US,quantile,0.9,723414.2
2025-02-17,RETAILx,2025-06-30,4,US,quantile,0.95,727802.4
2025-02-17,RETAILx,2025-06-30,4,US,mean,,711260.0
2025-02-17,RETAILx,2025-07-31,5,US,quantile,0.05,707895.95
2025-02-17,RETAILx,2025-07-31,5,US,quantile,0.1,711743.6
2025-02-17,RETAILx,2025-07-31,5,US,quantile,0.5,717247.0
2025-02-17,RETAILx,2025-07-31,5,US,quantile,0.9,725716.1
2025-02-17,RETAILx,2025-07-31,5,US,quantile,0.95,729942.4
2025-02-17,RETAILx,2025-07-31,5,US,mean,,711260.0
2025-02-17,RETAILx,2025-08-31,6,US,quantile,0.05,709464.5
2025-02-17,RETAILx,2025-08-31,6,US,quantile,0.1,712223.0
2025-02-17,RETAILx,2025-08-31,6,US,quantile,0.5,718428.0
2025-02-17,RETAILx,2025-08-31,6,US,quantile,0.9,727585.0
2025-02-17,RETAILx,2025-08-31,6,US,quantile,0.95,735834.0
2025-02-17,RETAILx,2025-08-31,6,US,mean,,711260.0
2025-02-17,RETAILx,2025-09-30,7,US,quantile,0.05,710062.95
2025-02-17,RETAILx,2025-09-30,7,US,quantile,0.1,713260.4
2025-02-17,RETAILx,2025-09-30,7,US,quantile,0.5,719693.5
2025-02-17,RETAILx,2025-09-30,7,US,quantile,0.9,729399.7
2025-02-17,RETAILx,2025-09-30,7,US,quantile,0.95,736565.55
2025-02-17,RETAILx,2025-09-30,7,US,mean,,711260.0
2025-02-17,RETAILx,2025-10-31,8,US,quantile,0.05,711080.8
2025-02-17,RETAILx,2025-10-31,8,US,quantile,0.1,714590.6
2025-02-17,RETAILx,2025-10-31,8,US,quantile,0.5,721353.0
2025-02-17,RETAILx,2025-10-31,8,US,quantile,0.9,730809.0
2025-02-17,RETAILx,2025-10-31,8,US,quantile,0.95,741332.2
2025-02-17,RETAILx,2025-10-31,8,US,mean,,711260.0
2025-02-17,RETAILx,2025-11-30,9,US,quantile,0.05,711546.7
2025-02-17,RETAILx,2025-11-30,9,US,quantile,0.1,715004.1
2025-02-17,RETAILx,2025-11-30,9,US,quantile,0.5,722314.5
2025-02-17,RETAILx,2025-11-30,9,US,quantile,0.9,732358.9
2025-02-17,RETAILx,2025-11-30,9,US,quantile,0.95,748732.7
2025-02-17,RETAILx,2025-11-30,9,US,mean,,711260.0
2025-02-17,RETAILx,2025-12-31,10,US,quantile,0.05,712453.6
2025-02-17,RETAILx,2025-12-31,10,US,quantile,0.1,716339.2
2025-02-17,RETAILx,2025-12-31,10,US,quantile,0.5,723433.0
2025-02-17,RETAILx,2025-12-31,10,US,quantile,0.9,734798.6
2025-02-17,RETAILx,2025-12-31,10,US,quantile,0.95,747461.5
2025-02-17,RETAILx,2025-12-31,10,US,mean,,711260.0
2025-02-17,RETAILx,2026-01-31,11,US,quantile,0.05,713082.5
2025-02-17,RETAILx,2026-01-31,11,US,quantile,0.1,717216.5
2025-02-17,RETAILx,2026-01-31,11,US,quantile,0.5,724639.0
2025-02-17,RETAILx,2026-01-31,11,US,quantile,0.9,736542.5
2025-02-17,RETAILx,2026-01-31,11,US,quantile,0.95,754258.75
2025-02-17,RETAILx,2026-01-31,11,US,mean,,711260.0
2025-02-17,RETAILx,2026-02-28,12,US,quantile,0.05,711582.6
2025-02-17,RETAILx,2026-02-28,12,US,quantile,0.1,717897.2
2025-02-17,RETAILx,2026-02-28,12,US,quantile,0.5,725900.0
2025-02-17,RETAILx,2026-02-28,12,US,quantile,0.9,739100.8
2025-02-17,RETAILx,2026-02-28,12,US,quantile,0.95,759744.4
2025-02-17,RETAILx,2026-02-28,12,US,mean,,711260.0
2025-02-17,RETAILx,2026-03-31,13,US,quantile,0.05,713188.1
2025-02-17,RETAILx,2026-03-31,13,US,quantile,0.1,718647.6
2025-02-17,RETAILx,2026-03-31,13,US,quantile,0.5,726850.0
2025-02-17,RETAILx,2026-03-31,13,US,quantile,0.9,739437.2
2025-02-17,RETAILx,2026-03-31,13,US,quantile,0.95,761653.1
2025-02-17,RETAILx,2026-03-31,13,US,mean,,711260.0
2025-02-17,RETAILx,2026-04-30,14,US,quantile,0.05,709769.5
2025-02-17,RETAILx,2026-04-30,14,US,quantile,0.1,719537.0
2025-02-17,RETAILx,2026-04-30,14,US,quantile,0.5,728576.0
2025-02-17,RETAILx,2026-04-30,14,US,quantile,0.9,741119.4
2025-02-17,RETAILx,2026-04-30,14,US,quantile,0.95,765322.6
2025-02-17,RETAILx,2026-04-30,14,US,mean,,711260.0
2025-02-17,RETAILx,2026-05-31,15,US,quantile,0.05,710080.4
2025-02-17,RETAILx,2026-05-31,15,US,quantile,0.1,720284.7
2025-02-17,RETAILx,2026-05-31,15,US,quantile,0.5,730192.5
2025-02-17,RETAILx,2026-05-31,15,US,quantile,0.9,743275.7
2025-02-17,RETAILx,2026-05-31,15,US,quantile,0.95,765018.2
2025-02-17,RETAILx,2026-05-31,15,US,mean,,711260.0
2025-02-17,RETAILx,2026-06-30,16,US,quantile,0.05,704703.0
2025-02-17,RETAILx,2026-06-30,16,US,quantile,0.1,720677.0
2025-02-17,RETAILx,2026-06-30,16,US,quantile,0.5,731548.0
2025-02-17,RETAILx,2026-06-30,16,US,quantile,0.9,745503.0
2025-02-17,RETAILx,2026-06-30,16,US,quantile,0.95,767832.0
2025-02-17,RETAILx,2026-06-30,16,US,mean,,711260.0
2025-02-17,RETAILx,2026-07-31,17,US,quantile,0.05,700281.8
2025-02-17,RETAILx,2026-07-31,17,US,quantile,0.1,721798.0
2025-02-17,RETAILx,2026-07-31,17,US,quantile,0.5,732937.0
2025-02-17,RETAILx,2026-07-31,17,US,quantile,0.9,747795.2
2025-02-17,RETAILx,2026-07-31,17,US,quantile,0.95,773786.4
2025-02-17,RETAILx,2026-07-31,17,US,mean,,711260.0
2025-02-17,RETAILx,2026-08-31,18,US,quantile,0.05,698037.0
2025-02-17,RETAILx,2026-08-31,18,US,quantile,0.1,722414.2
2025-02-17,RETAILx,2026-08-31,18,US,quantile,0.5,733620.0
2025-02-17,RETAILx,2026-08-31,18,US,quantile,0.9,751032.2
2025-02-17,RETAILx,2026-08-31,18,US,quantile,0.95,779060.7
2025-02-17,RETAILx,2026-08-31,18,US,mean,,711260.0
2025-02-17,RETAILx,2026-09-30,19,US,quantile,0.05,693573.5
2025-02-17,RETAILx,2026-09-30,19,US,quantile,0.1,722731.3
2025-02-17,RETAILx,2026-09-30,19,US,quantile,0.5,735066.5
2025-02-17,RETAILx,2026-09-30,19,US,quantile,0.9,753501.1
2025-02-17,RETAILx,2026-09-30,19,US,quantile,0.95,783937.4
2025-02-17,RETAILx,2026-09-30,19,US,mean,,711260.0
2025-02-17,RETAILx,2026-10-31,20,US,quantile,0.05,695342.4
2025-02-17,RETAILx,2026-10-31,20,US,quantile,0.1,723495.6
2025-02-17,RETAILx,2026-10-31,20,US,quantile,0.5,736039.0
2025-02-17,RETAILx,2026-10-31,20,US,quantile,0.9,756743.2
2025-02-17,RETAILx,2026-10-31,20,US,quantile,0.95,799275.0
2025-02-17,RETAILx,2026-10-31,20,US,mean,,711260.0
2025-02-17,RETAILx,2026-11-30,21,US,quantile,0.05,692469.25
2025-02-17,RETAILx,2026-11-30,21,US,quantile,0.1,724148.5
2025-02-17,RETAILx,2026-11-30,21,US,quantile,0.5,736984.5
2025-02-17,RETAILx,2026-11-30,21,US,quantile,0.9,758464.5
2025-02-17,RETAILx,2026-11-30,21,US,quantile,0.95,802928.75
2025-02-17,RETAILx,2026-11-30,21,US,mean,,711260.0
2025-02-17,RETAILx,2026-12-31,22,US,quantile,0.05,690360.5
2025-02-17,RETAILx,2026-12-31,22,US,quantile,0.1,724714.6
2025-02-17,RETAILx,2026-12-31,22,US,quantile,0.5,738566.0
2025-02-17,RETAILx,2026-12-31,22,US,quantile,0.9,758082.8
2025-02-17,RETAILx,2026-12-31,22,US,quantile,0.95,806936.5
2025-02-17,RETAILx,2026-12-31,22,US,mean,,711260.0
2025-02-17,RETAILx,2027-01-31,23,US,quantile,0.05,691931.8
2025-02-17,RETAILx,2027-01-31,23,US,quantile,0.1,725148.8
2025-02-17,RETAILx,2027-01-31,23,US,quantile,0.5,739706.5
2025-02-17,RETAILx,2027-01-31,23,US,quantile,0.9,759320.9
2025-02-17,RETAILx,2027-01-31,23,US,quantile,0.95,810635.8
2025-02-17,RETAILx,2027-01-31,23,US,mean,,711260.0
